record_id,event,revision,observed_ns,valid_from_ns,valid_until_ns,approved,parents_json,payload_json
 row-20332645-125 , event-20332645-125 , 0e0 , 36028797058296.831 , 36028797038184.105 ,  , TRUE , [] ," {""step"": 125, ""operations"": [{""op"": ""kv_seal"", ""device"": ""decode-682841799"", ""epoch"": 4, ""job"": ""handoff-1-20332645"", ""ticket"": ""hop-ticket1-682841799"", ""rank"": 2}]} "
 row-20332645-49 , event-20332645-49 , 0e0 , 36028797058289.155 , 36028797038184.105 ,  , TRUE , [] ," {""step"": 49, ""operations"": [{""op"": ""copy"", ""device"": ""decode-682841799"", ""epoch"": 4, ""transfer"": ""to-b-682841799"", ""ticket"": ""ticket-b-682841799"", ""page_index"": 1, ""offset"": 0, ""tokens"": [92438142], ""source_epoch"": 2, ""source_generation"": 1}]} "
 row-20332645-115 , event-20332645-115 , 0e0 , 36028797058295.821 , 36028797038184.105 ,  , TRUE , [] ," {""step"": 115, ""operations"": [{""op"": ""kv_source"", ""device"": ""recovery-682841799"", ""epoch"": 6, ""offer"": ""export-1-20332645"", ""coord"": [3, 1, 1, ""K"", 3], ""offset"": 25, ""values"": [-864, 14774, 37082, 63112, 74299, -60807, -14371, 85877, -8449, 55219, -67147, -20365, -67010, -81479, 89051, 48781, 30074, -55260, -67207, 52523, 84633, 96444, -43861, 74804, -21010]}, {""op"": ""kv_source"", ""device"": ""recovery-682841799"", ""epoch"": 6, ""offer"": ""export-1-20332645"", ""coord"": [5, 1, 1, ""V"", 0], ""offset"": 0, ""values"": [38942, -45246, 10568, -23569, 13093, -13831, 29584, -85470, 24575, 81496, -49009, -68401, 69683, 28893, 88812, -54139, -63977, -97799, -18239, 34067, 13255, 56203, -81476, 6112, 80736]}, {""op"": ""kv_source"", ""device"": ""recovery-682841799"", ""epoch"": 6, ""offer"": ""export-1-20332645"", ""coord"": [4, 1, 1, ""K"", 4], ""offset"": 0, ""values"": [-45991, -77693, -23876, -18129, -47343, 94525, -47844, -44554, 30590, -63365, -22856, 70645, -55403, -56358, 9296, 29588, 6892, 64685, -64873, 1352, -98719, -68184, 39647, -92182, -36522]}, {""op"": ""kv_source"", ""device"": ""recovery-682841799"", ""epoch"": 6, ""offer"": ""export-1-20332645"", ""coord"": [2, 0, 0, ""K"", 2], ""offset"": 0, ""values"": [56238, 8627, -18038, 68281, -98820, 80251, 3933, 2035, -20410, -26317, 43143, -13424, -37104, 62451, -64839]}, {""op"": ""kv_source"", ""device"": ""recovery-682841799"", ""epoch"": 6, ""offer"": ""export-1-20332645"", ""coord"": [6, 1, 0, ""K"", 1], ""offset"": 0, ""values"": [83565, 5560, 47083, -97987, -21615, -57993, -43938, 58630, 41756, 69966, -93187, -25012, -41691, 87253, 35048, 98900, -86135, -36765, -57955, -15985, -56613, -21440, 42524, -8228, -88726]}, {""op"": ""kv_source"", ""device"": ""recovery-682841799"", ""epoch"": 6, ""offer"": ""export-1-20332645"", ""coord"": [0, 1, 0, ""V"", 0], ""offset"": 0, ""values"": [-99200, -88113, 1868, 81566, 92295, 22944, -80578, -26946, -56844, 78108, 11136, -4974, -23001, -86935, 92407, 99590, 38493, -7235, -46720, -93068, -11125, 49620, 32869, 85634, -61131]}, {""op"": ""kv_source"", ""device"": ""recovery-682841799"", ""epoch"": 6, ""offer"": ""export-1-20332645"", ""coord"": [1, 1, 1, ""V"", 1], ""offset"": 25, ""values"": [-98940, 94078, 50846, 23702, 15607, -74258, -42110, 16143, 12410, -40599, -61991, -36032, -88678, 69727, 659, -50262, -57523, -95542, 28253, -79154, 34634, -6762, 29315, 93925, 67419]}, {""op"": ""kv_source"", ""device"": ""recovery-682841799"", ""epoch"": 6, ""offer"": ""export-1-20332645"", ""coord"": [4, 1, 1, ""V"", 4], ""offset"": 0, ""values"": [22094, -37064, 69561, 33560, -6816, -67185, 58949, 3489, 23843, -9010, 87148, 30162, -91141, 71101, 64454, -21945, -48764, 15085, -12696, 68206, 14245, -68272, -26296, -36541, -83474]}, {""op"": ""kv_source"", ""device"": ""recovery-682841799"", ""epoch"": 6, ""offer"": ""export-1-20332645"", ""coord"": [0, 1, 0, ""K"", 0], ""offset"": 0, ""values"": [75374, -12601, -90546, 69249, -51400, 4349, -6908, 29885, 89017, -30649, 33717, -57533, 4137, 92144, -41678, 19500, 13660, -5914, -67489, 44534, 78751, -31157, 90842, -39754, 89613]}, {""op"": ""kv_source"", ""device"": ""recovery-682841799"", ""epoch"": 6, ""offer"": ""export-1-20332645"", ""coord"": [6, 0, 0, ""V"", 0], ""offset"": 0, ""values"": [60907, 97314, -97520, 95872, -45743, 33748, -43770, 48011, -27789, -92751, 31397, -92291, 28007, 56090, -26878]}, {""op"": ""kv_source"", ""device"": ""recovery-682841799"", ""epoch"": 6, ""offer"": ""export-1-20332645"", ""coord"": [2, 1, 1, ""V"", 2], ""offset"": 0, ""values"": [-88121, 86201, 42841, 40014, 35561, 288, 9828, -80602, -25762, 15021, -71208, 6915, 41141, -93922, -39067, 75282, 50785, -26527, 52193, -75504, 91480, -98392, 96134, -21602, 98966]}, {""op"": ""kv_source"", ""device"": ""recovery-682841799"", ""epoch"": 6, ""offer"": ""export-1-20332645"", ""coord"": [3, 0, 0, ""K"", 0], ""offset"": 15, ""values"": [41709, 38115, -14867, 29764, 534, 96950, -47225, -6673, 43048, 55544, -58314, -22140, 13471, -37756, 23605]}]} "
 row-20332645-201 , event-20332645-201 , 0e0 , 36028797058304.507 , 36028797038184.105 ,  , 1 , [] ," {""step"": 201, ""operations"": [{""op"": ""close"", ""device"": ""prefill-682841799"", ""epoch"": 2, ""sequence"": ""lease:old-draining-plan-682841799/old-draining-682841799"", ""status"": ""success""}]} "
 row-20332645-163 , event-20332645-163 , 0e0 , 36028797058300.669 , 36028797038184.105 ,  , 1 , [] ," {""step"": 163, ""operations"": [{""op"": ""close"", ""device"": ""recovery-682841799"", ""epoch"": 6, ""sequence"": ""lease:probe-batch1-682841799/probe-1-682841799"", ""status"": ""success""}]} "
 row-20332645-133 , event-20332645-133 , 0e0 , 36028797058297.639 , 36028797038184.105 ,  , TRUE , [] ," {""step"": 133, ""operations"": [{""op"": ""draft"", ""device"": ""decode-682841799"", ""epoch"": 4, ""sequence"": ""lease:000-resume1-682841799/probe-0-682841799"", ""tokens"": [52431961, 40558313], ""slots"": [4], ""receipt"": ""resume-receipt-682841799""}]} "
 row-20332645-86 , event-20332645-86 , 0e0 , 36028797058292.892 , 36028797038184.105 ,  , TRUE , [] ," {""step"": 86, ""operations"": [{""op"": ""kv_dma"", ""device"": ""recovery-682841799"", ""epoch"": 6, ""job"": ""handoff-0-20332645"", ""ticket"": ""hop-ticket0-682841799"", ""source_epoch"": 4, ""coord"": [6, 1, 1, ""V"", 1], ""offset"": 0, ""values"": [-26939]}, {""op"": ""kv_dma"", ""device"": ""recovery-682841799"", ""epoch"": 6, ""job"": ""handoff-0-20332645"", ""ticket"": ""hop-ticket0-682841799"", ""source_epoch"": 4, ""coord"": [7, 0, 0, ""K"", 1], ""offset"": 0, ""values"": [-17090, -83109, 57618, -76097, 25001, 24142, -90774, 75968, 97860, -39498, -97703, 83155, -1942, 58866, -97982]}, {""op"": ""kv_dma"", ""device"": ""recovery-682841799"", ""epoch"": 6, ""job"": ""handoff-0-20332645"", ""ticket"": ""hop-ticket0-682841799"", ""source_epoch"": 4, ""coord"": [4, 1, 1, ""V"", 4], ""offset"": 25, ""values"": [51854, 80811, -7791, -13583, 34207, -36747, -71488, -83615, 2531, -19343, 96850, -12777, 22474, -99431, 62189, 5501, -3884, 29665, 65245, -16629, 3502, -51109, -54680, -94253, 42725]}, {""op"": ""kv_dma"", ""device"": ""recovery-682841799"", ""epoch"": 6, ""job"": ""handoff-0-20332645"", ""ticket"": ""hop-ticket0-682841799"", ""source_epoch"": 4, ""coord"": [3, 1, 0, ""K"", 3], ""offset"": 0, ""values"": [-70249]}, {""op"": ""kv_dma"", ""device"": ""recovery-682841799"", ""epoch"": 6, ""job"": ""handoff-0-20332645"", ""ticket"": ""hop-ticket0-682841799"", ""source_epoch"": 4, ""coord"": [7, 1, 0, ""K"", 2], ""offset"": 0, ""values"": [10206]}, {""op"": ""kv_dma"", ""device"": ""recovery-682841799"", ""epoch"": 6, ""job"": ""handoff-0-20332645"", ""ticket"": ""hop-ticket0-682841799"", ""source_epoch"": 4, ""coord"": [2, 1, 1, ""K"", 2], ""offset"": 25, ""values"": [79872, -35667, 83606, 60983, -21233, -24626, 5079, 98487, 19244, -53566, 25879, 78491, 53162, -27654, 54749, -66778, -53606, 96440, 20330, 43958, 20889, -3522, -17373, 60836, 13392]}, {""op"": ""kv_dma"", ""device"": ""recovery-682841799"", ""epoch"": 6, ""job"": ""handoff-0-20332645"", ""ticket"": ""hop-ticket0-682841799"", ""source_epoch"": 4, ""coord"": [2, 1, 1, ""V"", 2], ""offset"": 0, ""values"": [-60365, 84215, -95788, 44926, 96475, 81568, 87964, 63480, 14246, -29581, 61875, -45674, 51241, 64943, -63358, 5609, 6869, 16170, 13162, 55264, 89386, -40675, 4017, 91405, 17103]}, {""op"": ""kv_dma"", ""device"": ""recovery-682841799"", ""epoch"": 6, ""job"": ""handoff-0-20332645"", ""ticket"": ""hop-ticket0-682841799"", ""source_epoch"": 4, ""coord"": [3, 1, 0, ""K"", 3], ""offset"": 25, ""values"": [-25861, -5379, -52959, 86284, 94754, -70134, 76767, -29315, 16209, -22922, 75859, -47266, -93468, -92090, -96656, -30846, -52042, -25932, 85844, -47976, 81400, -43510, 46145, 49363, 95976]}, {""op"": ""kv_dma"", ""device"": ""recovery-682841799"", ""epoch"": 6, ""job"": ""handoff-0-20332645"", ""ticket"": ""hop-ticket0-682841799"", ""source_epoch"": 4, ""coord"": [4, 0, 0, ""V"", 1], ""offset"": 15, ""values"": [-94435, 32219, 17259, -39969, 81982, 56453, 77712, -84532, -76046, -43507, -19535, -46909, 58529, 55357, -72702]}, {""op"": ""kv_dma"", ""device"": ""recovery-682841799"", ""epoch"": 6, ""job"": ""handoff-0-20332645"", ""ticket"": ""hop-ticket0-682841799"", ""source_epoch"": 4, ""coord"": [7, 1, 1, ""V"", 2], ""offset"": 0, ""values"": [-60365, 84215, -95788, 44926, 96475, 81568, 87964, 63480, 14246, -29581, 61875, -45674, 51241, 64943, -63358, 5609, 6869, 16170, 13162, 55264, 89386, -40675, 4017, 91405, 17103]}, {""op"": ""kv_dma"", ""device"": ""recovery-682841799"", ""epoch"": 6, ""job"": ""handoff-0-20332645"", ""ticket"": ""hop-ticket0-682841799"", ""source_epoch"": 4, ""coord"": [1, 1, 1, ""K"", 1], ""offset"": 25, ""values"": [88681, 95732, 90742, -86678, -28583, -79237, 98835, -89871, 89278, -11493, -96217, -48025, 15217, -79033, -3426, 41966, -94944, -80408, 45392, -17487, -84698, 15359, 73359, 53787, 72157]}, {""op"": ""kv_dma"", ""device"": ""recovery-682841799"", ""epoch"": 6, ""job"": ""handoff-0-20332645"", ""ticket"": ""hop-ticket0-682841799"", ""source_epoch"": 4, ""coord"": [2, 0, 0, ""K"", 2], ""offset"": 0, ""values"": [21038]}, {""op"": ""kv_dma"", ""device"": ""recovery-682841799"", ""epoch"": 6, ""job"": ""handoff-0-20332645"", ""ticket"": ""hop-ticket0-682841799"", ""source_epoch"": 4, ""coord"": [5, 0, 0, ""K"", 2], ""offset"": 0, ""values"": [21038]}, {""op"": ""kv_dma"", ""device"": ""recovery-682841799"", ""epoch"": 6, ""job"": ""handoff-0-20332645"", ""ticket"": ""hop-ticket0-682841799"", ""source_epoch"": 4, ""coord"": [6, 1, 0, ""K"", 1], ""offset"": 0, ""values"": [-30641]}, {""op"": ""kv_dma"", ""device"": ""recovery-682841799"", ""epoch"": 6, ""job"": ""handoff-0-20332645"", ""ticket"": ""hop-ticket0-682841799"", ""source_epoch"": 4, ""coord"": [3, 1, 1, ""K"", 3], ""offset"": 0, ""values"": [1929, 93934, -63354, -78035, -77613, -46046, -67531, 19080, -6801, -91818, 65122, -71423, 67796, -8280, 72077, -68904, -18352, -88810, -89872, -67071, 35510, 23317, 26848, -43000, -25275]}, {""op"": ""kv_dma"", ""device"": ""recovery-682841799"", ""epoch"": 6, ""job"": ""handoff-0-20332645"", ""ticket"": ""hop-ticket0-682841799"", ""source_epoch"": 4, ""coord"": [4, 1, 0, ""V"", 4], ""offset"": 0, ""values"": [31653]}, {""op"": ""kv_dma"", ""device"": ""recovery-682841799"", ""epoch"": 6, ""job"": ""handoff-0-20332645"", ""ticket"": ""hop-ticket0-682841799"", ""source_epoch"": 4, ""coord"": [1, 0, 0, ""V"", 1], ""offset"": 15, ""values"": [-94435, 32219, 17259, -39969, 81982, 56453, 77712, -84532, -76046, -43507, -19535, -46909, 58529, 55357, -72702]}, {""op"": ""kv_dma"", ""device"": ""recovery-682841799"", ""epoch"": 6, ""job"": ""handoff-0-20332645"", ""ticket"": ""hop-ticket0-682841799"", ""source_epoch"": 4, ""coord"": [4, 1, 1, ""K"", 4], ""offset"": 25, ""values"": [75421, 85656, -43304, -49948, -69282, -55764, 25506, -49692, 10954, -65724, -52360, 45707, -89952, -86195, 25139, 48944, 42320, -68684, -44399, 98677, -70728, -34009, 79707, -37178, 41965]}]} "
 row-20332645-128 , event-20332645-128 , 0e0 , 36028797058297.134 , 36028797038184.105 ,  , TRUE , [] ," {""step"": 128, ""operations"": [{""op"": ""kv_publish"", ""device"": ""decode-682841799"", ""epoch"": 4, ""job"": ""handoff-1-20332645"", ""ticket"": ""hop-ticket1-682841799"", ""slots"": [2, 3]}, {""op"": ""evict"", ""device"": ""recovery-682841799"", ""epoch"": 6, ""cache"": ""paused-cache1-682841799""}]} "
 row-20332645-84 , event-20332645-84 , 0e0 , 36028797058292.69 , 36028797038184.105 ,  , 1 , [] ," {""step"": 84, ""operations"": [{""op"": ""kv_dma"", ""device"": ""recovery-682841799"", ""epoch"": 6, ""job"": ""handoff-0-20332645"", ""ticket"": ""hop-ticket0-682841799"", ""source_epoch"": 4, ""coord"": [1, 1, 1, ""K"", 1], ""offset"": 0, ""values"": [37339]}, {""op"": ""kv_dma"", ""device"": ""recovery-682841799"", ""epoch"": 6, ""job"": ""handoff-0-20332645"", ""ticket"": ""hop-ticket0-682841799"", ""source_epoch"": 4, ""coord"": [3, 1, 0, ""V"", 3], ""offset"": 25, ""values"": [-71537, 93544, 56225, -23824, -36022, -73202, 13593, 82215, 78145, 67398, 15101, -51065, 52252, 17586, -3654, 27657, 23670, -35170, 35137, 22564, 72430, 67274, -81676, 35659, -11899]}, {""op"": ""kv_dma"", ""device"": ""recovery-682841799"", ""epoch"": 6, ""job"": ""handoff-0-20332645"", ""ticket"": ""hop-ticket0-682841799"", ""source_epoch"": 4, ""coord"": [3, 1, 1, ""V"", 3], ""offset"": 0, ""values"": [-29666, 65323, 76801, 52386, -32689, -25427, 85077, 44699, -9740, 53289, 7000, -12553, 75780, -7896, 78566, -14659, 21235, 13254, 29727, -82004, 60649, -6464, -96820, -80965, 112]}, {""op"": ""kv_dma"", ""device"": ""recovery-682841799"", ""epoch"": 6, ""job"": ""handoff-0-20332645"", ""ticket"": ""hop-ticket0-682841799"", ""source_epoch"": 4, ""coord"": [3, 0, 0, ""K"", 0], ""offset"": 0, ""values"": [42295, 60557, 60341, 41986, 4220, -71897, 33076, 56248, 38985, 67146, 3257, 10160, -69077, 97708, 11887]}, {""op"": ""kv_dma"", ""device"": ""recovery-682841799"", ""epoch"": 6, ""job"": ""handoff-0-20332645"", ""ticket"": ""hop-ticket0-682841799"", ""source_epoch"": 4, ""coord"": [2, 1, 0, ""V"", 2], ""offset"": 0, ""values"": [99193]}, {""op"": ""kv_dma"", ""device"": ""recovery-682841799"", ""epoch"": 6, ""job"": ""handoff-0-20332645"", ""ticket"": ""hop-ticket0-682841799"", ""source_epoch"": 4, ""coord"": [4, 0, 0, ""V"", 1], ""offset"": 0, ""values"": [58529, -13207, 43935, -11265, -14384, -58077, -4063, -12713, -62805, -76047, 94984, -48468, -54516, 55253, -69462]}, {""op"": ""kv_dma"", ""device"": ""recovery-682841799"", ""epoch"": 6, ""job"": ""handoff-0-20332645"", ""ticket"": ""hop-ticket0-682841799"", ""source_epoch"": 4, ""coord"": [0, 1, 0, ""V"", 0], ""offset"": 0, ""values"": [-88583, -94375, -14620, -67722, 66481, 55287, -66295, -90888, 65890, 81779, 77652, -27214, 38643, 14864, 38127, -37901, 93694, -65946, -90040, -53027, -51760, 23540, 15301, 66474, 214]}, {""op"": ""kv_dma"", ""device"": ""recovery-682841799"", ""epoch"": 6, ""job"": ""handoff-0-20332645"", ""ticket"": ""hop-ticket0-682841799"", ""source_epoch"": 4, ""coord"": [4, 1, 0, ""V"", 4], ""offset"": 25, ""values"": [82985, 37750, 27330, -48809, 7538, -19992, 78013, 95106, 73171, -48314, -89796, 70637, 81331, 16398, 28747, 8887, 75983, 10377, -83098, -43825, -65405, -85798, 21976, -46113, -19139]}, {""op"": ""kv_dma"", ""device"": ""recovery-682841799"", ""epoch"": 6, ""job"": ""handoff-0-20332645"", ""ticket"": ""hop-ticket0-682841799"", ""source_epoch"": 4, ""coord"": [4, 1, 1, ""K"", 4], ""offset"": 0, ""values"": [39096, 74493, -96421, 48611, 62714, -89513, -8769, -49197, -41197, -1611, 1889, 40502, -47262, 89813, 68713, 14190, 43314, 54977, -9137, -10926, -18701, -34064, 28998, -93690, 10909]}, {""op"": ""kv_dma"", ""device"": ""recovery-682841799"", ""epoch"": 6, ""job"": ""handoff-0-20332645"", ""ticket"": ""hop-ticket0-682841799"", ""source_epoch"": 4, ""coord"": [6, 1, 1, ""V"", 1], ""offset"": 0, ""values"": [-26939, -37454, -29877, 82700, -65300, -53651, 80158, 37360, 49591, -12208, 6228, 76348, 7560, -21339, -24785, 69615, 39169, -93945, 28978, -93993, 39128, -27870, -59605, 45083, 66860]}, {""op"": ""kv_dma"", ""device"": ""recovery-682841799"", ""epoch"": 6, ""job"": ""handoff-0-20332645"", ""ticket"": ""hop-ticket0-682841799"", ""source_epoch"": 4, ""coord"": [7, 0, 0, ""V"", 1], ""offset"": 0, ""values"": [58529]}, {""op"": ""kv_dma"", ""device"": ""recovery-682841799"", ""epoch"": 6, ""job"": ""handoff-0-20332645"", ""ticket"": ""hop-ticket0-682841799"", ""source_epoch"": 4, ""coord"": [6, 1, 1, ""V"", 1], ""offset"": 25, ""values"": [68345, -3680, -42217, -48138, 44776, -27741, 90869, 77024, 22829, -77739, -31086, -37000, 94918, -36869, 40624, 95178, 67167, 35548, -60448, -65103, -44945, 6617, -51464, 52413, -74370]}, {""op"": ""kv_dma"", ""device"": ""recovery-682841799"", ""epoch"": 6, ""job"": ""handoff-0-20332645"", ""ticket"": ""hop-ticket0-682841799"", ""source_epoch"": 4, ""coord"": [0, 1, 1, ""K"", 0], ""offset"": 0, ""values"": [-43087]}, {""op"": ""kv_dma"", ""device"": ""recovery-682841799"", ""epoch"": 6, ""job"": ""handoff-0-20332645"", ""ticket"": ""hop-ticket0-682841799"", ""source_epoch"": 4, ""coord"": [7, 1, 1, ""K"", 2], ""offset"": 0, ""values"": [-79904, -67905, -61416, 59865, -56138, -15112, 12922, -24731, -91769, 33563, -88944, 75477, 66573, -87992, -25768, -35402, 84572, 64647, -42331, 16473, 18399, 68672, 21951, -16391, 6943]}, {""op"": ""kv_dma"", ""device"": ""recovery-682841799"", ""epoch"": 6, ""job"": ""handoff-0-20332645"", ""ticket"": ""hop-ticket0-682841799"", ""source_epoch"": 4, ""coord"": [3, 0, 0, ""V"", 0], ""offset"": 0, ""values"": [-58130, 76686, 17358, 78508, -20787, 70461, -76291, -72984, 14895, 39460, 33810, 63153, -59518, -60459, -31447]}, {""op"": ""kv_dma"", ""device"": ""recovery-682841799"", ""epoch"": 6, ""job"": ""handoff-0-20332645"", ""ticket"": ""hop-ticket0-682841799"", ""source_epoch"": 4, ""coord"": [3, 1, 0, ""K"", 3], ""offset"": 0, ""values"": [-70249, -41617, 98786, 39541, 45601, -49329, 87359, 81772, -52377, -63546, -20169, -93480, 66594, 69652, -80671, -57004, -52322, -7680, 62039, -41623, 11220, -39510, 68043, -76443, -55339]}, {""op"": ""kv_dma"", ""device"": ""recovery-682841799"", ""epoch"": 6, ""job"": ""handoff-0-20332645"", ""ticket"": ""hop-ticket0-682841799"", ""source_epoch"": 4, ""coord"": [7, 1, 0, ""K"", 2], ""offset"": 0, ""values"": [10206, -93614, -79203, 88168, 7840, -88941, 13441, 36062, -96761, -81147, 73438, -8558, 87999, 92702, 24995, 56335, -58836, 31821, -64332, 49821, 6973, 92604, 21708, 83250, -91419]}, {""op"": ""kv_dma"", ""device"": ""recovery-682841799"", ""epoch"": 6, ""job"": ""handoff-0-20332645"", ""ticket"": ""hop-ticket0-682841799"", ""source_epoch"": 4, ""coord"": [6, 0, 0, ""K"", 0], ""offset"": 15, ""values"": [62879, -61973, -41125, 95756, -55770, -28285, 9019, 90389, 80541, -88798, 2404, -1145, -66897, 52577, -48096]}]} "
 row-20332645-121 , event-20332645-121 , 0e0 , 36028797058296.427 , 36028797038184.105 ,  , TRUE , [] ," {""step"": 121, ""operations"": [{""op"": ""kv_dma"", ""device"": ""decode-682841799"", ""epoch"": 4, ""job"": ""handoff-1-20332645"", ""ticket"": ""hop-ticket1-682841799"", ""source_epoch"": 6, ""coord"": [0, 1, 0, ""V"", 4], ""offset"": 25, ""values"": [-59217, -66144, -31979, 66838, -37865, 61760, 52406, -58385, 42733, -41286, 39619, -7575, -77294, -99715, -46344, 4411, -31264, -43810, -94193, 7872, 80578, -38155, -15973, 97463, 66583]}, {""op"": ""kv_dma"", ""device"": ""decode-682841799"", ""epoch"": 4, ""job"": ""handoff-1-20332645"", ""ticket"": ""hop-ticket1-682841799"", ""source_epoch"": 6, ""coord"": [1, 1, 1, ""K"", 1], ""offset"": 25, ""values"": [5774, 54484, 4529, -57963, 21354, 64482, 15415, 18669, -19106, -60924, 94687, 43766, -81654, 3429, 56962, -78500, 45306, -54495, 56735, -64140, 33441, 22263, 4252, -46564, 61008]}, {""op"": ""kv_dma"", ""device"": ""decode-682841799"", ""epoch"": 4, ""job"": ""handoff-1-20332645"", ""ticket"": ""hop-ticket1-682841799"", ""source_epoch"": 6, ""coord"": [3, 0, 0, ""V"", 0], ""offset"": 15, ""values"": [81109, 48085, 76408, -22218, -84419, 55762, 6801, 5863, -56918, -94716, 31073, -24807, -55930, 7288, 87518]}, {""op"": ""kv_dma"", ""device"": ""decode-682841799"", ""epoch"": 4, ""job"": ""handoff-1-20332645"", ""ticket"": ""hop-ticket1-682841799"", ""source_epoch"": 6, ""coord"": [1, 0, 0, ""K"", 1], ""offset"": 15, ""values"": [39502, 65785, 56865, 71547, 11017, -97821, 61340, -60334, 32799, 62241, 26398, -38194, 25520, -75534, 71603]}, {""op"": ""kv_dma"", ""device"": ""decode-682841799"", ""epoch"": 4, ""job"": ""handoff-1-20332645"", ""ticket"": ""hop-ticket1-682841799"", ""source_epoch"": 6, ""coord"": [0, 1, 0, ""V"", 0], ""offset"": 0, ""values"": [-99200]}, {""op"": ""kv_dma"", ""device"": ""decode-682841799"", ""epoch"": 4, ""job"": ""handoff-1-20332645"", ""ticket"": ""hop-ticket1-682841799"", ""source_epoch"": 6, ""coord"": [3, 1, 0, ""V"", 3], ""offset"": 0, ""values"": [-14917]}, {""op"": ""kv_dma"", ""device"": ""decode-682841799"", ""epoch"": 4, ""job"": ""handoff-1-20332645"", ""ticket"": ""hop-ticket1-682841799"", ""source_epoch"": 6, ""coord"": [2, 1, 0, ""V"", 2], ""offset"": 25, ""values"": [2575, -95543, 6756, -91020, 61940, 46711, 47357, -23674, -54196, -50178, 55778, 90363, -40587, -12565, 24056, 60961, -72018, 57394, 57216, 97599, -21732, 29965, -37323, -9179, 88170]}, {""op"": ""kv_dma"", ""device"": ""decode-682841799"", ""epoch"": 4, ""job"": ""handoff-1-20332645"", ""ticket"": ""hop-ticket1-682841799"", ""source_epoch"": 6, ""coord"": [2, 1, 0, ""K"", 2], ""offset"": 0, ""values"": [41843, -86870, 28406, 71637, -42047, -64247, 77110, 30091, 44587, 82743, -12228, 65545, -57876, -86090, 63564, -59364, -35608, 74792, -64213, 4118, 66582, 66851, -37296, -35531, 8133]}, {""op"": ""kv_dma"", ""device"": ""decode-682841799"", ""epoch"": 4, ""job"": ""handoff-1-20332645"", ""ticket"": ""hop-ticket1-682841799"", ""source_epoch"": 6, ""coord"": [2, 1, 1, ""V"", 2], ""offset"": 0, ""values"": [-88121, 86201, 42841, 40014, 35561, 288, 9828, -80602, -25762, 15021, -71208, 6915, 41141, -93922, -39067, 75282, 50785, -26527, 52193, -75504, 91480, -98392, 96134, -21602, 98966]}, {""op"": ""kv_dma"", ""device"": ""decode-682841799"", ""epoch"": 4, ""job"": ""handoff-1-20332645"", ""ticket"": ""hop-ticket1-682841799"", ""source_epoch"": 6, ""coord"": [0, 1, 1, ""K"", 0], ""offset"": 0, ""values"": [-11310, -48739, 53259, -2217, 57708, 27648, 27761, -97633, 75075, -21937, -73725, 50557, -60988, -47034, -6231, 27180, 4076, 29450, 5518, -62068, 11188, 60284, 76700, -91848, 62603]}, {""op"": ""kv_dma"", ""device"": ""decode-682841799"", ""epoch"": 4, ""job"": ""handoff-1-20332645"", ""ticket"": ""hop-ticket1-682841799"", ""source_epoch"": 6, ""coord"": [1, 0, 0, ""V"", 1], ""offset"": 0, ""values"": [-46429, -58647, -50024, 1898, 21037, -2983, 48021, -9773, -1183, 21627, 84256, -8375, -84276, 3582, -36777]}, {""op"": ""kv_dma"", ""device"": ""decode-682841799"", ""epoch"": 4, ""job"": ""handoff-1-20332645"", ""ticket"": ""hop-ticket1-682841799"", ""source_epoch"": 6, ""coord"": [0, 1, 0, ""V"", 0], ""offset"": 25, ""values"": [3685, 27490, -683, 3781, 23522, 60959, 26161, -63119, -3717, 3893, 50220, -87330, 62493, 71272, 33884, 77989, -69810, -61794, -61053, -93230, 17571, -48696, 9210, 99225, -84664]}, {""op"": ""kv_dma"", ""device"": ""decode-682841799"", ""epoch"": 4, ""job"": ""handoff-1-20332645"", ""ticket"": ""hop-ticket1-682841799"", ""source_epoch"": 6, ""coord"": [0, 1, 0, ""K"", 4], ""offset"": 0, ""values"": [-24385, -30178, 74164, -95510, -18118, 79618, 85388, -83582, -40314, 55629, -55789, 3361, 9735, -83801, 59491, 57067, 97023, -26133, -88373, -23311, -45956, 84635, 13744, 64723, -4134]}, {""op"": ""kv_dma"", ""device"": ""decode-682841799"", ""epoch"": 4, ""job"": ""handoff-1-20332645"", ""ticket"": ""hop-ticket1-682841799"", ""source_epoch"": 6, ""coord"": [1, 1, 0, ""K"", 1], ""offset"": 0, ""values"": [83565, 5560, 47083, -97987, -21615, -57993, -43938, 58630, 41756, 69966, -93187, -25012, -41691, 87253, 35048, 98900, -86135, -36765, -57955, -15985, -56613, -21440, 42524, -8228, -88726]}, {""op"": ""kv_dma"", ""device"": ""decode-682841799"", ""epoch"": 4, ""job"": ""handoff-1-20332645"", ""ticket"": ""hop-ticket1-682841799"", ""source_epoch"": 6, ""coord"": [1, 1, 1, ""V"", 1], ""offset"": 0, ""values"": [15251]}, {""op"": ""kv_dma"", ""device"": ""decode-682841799"", ""epoch"": 4, ""job"": ""handoff-1-20332645"", ""ticket"": ""hop-ticket1-682841799"", ""source_epoch"": 6, ""coord"": [3, 1, 0, ""V"", 3], ""offset"": 0, ""values"": [-14917, 94829, -23834, -3507, -45436, 78243, 30547, 60003, -43863, -30425, -67126, 91324, -41040, 1412, 22180, -41747, 22388, -21636, -78478, -33119, -12139, 30592, -33803, -4620, 8969]}, {""op"": ""kv_dma"", ""device"": ""decode-682841799"", ""epoch"": 4, ""job"": ""handoff-1-20332645"", ""ticket"": ""hop-ticket1-682841799"", ""source_epoch"": 6, ""coord"": [0, 0, 0, ""V"", 0], ""offset"": 0, ""values"": [60907, 97314, -97520, 95872, -45743, 33748, -43770, 48011, -27789, -92751, 31397, -92291, 28007, 56090, -26878]}, {""op"": ""kv_dma"", ""device"": ""decode-682841799"", ""epoch"": 4, ""job"": ""handoff-1-20332645"", ""ticket"": ""hop-ticket1-682841799"", ""source_epoch"": 6, ""coord"": [0, 0, 0, ""K"", 0], ""offset"": 15, ""values"": [41709, 38115, -14867, 29764, 534, 96950, -47225, -6673, 43048, 55544, -58314, -22140, 13471, -37756, 23605]}]} "
 row-20332645-170 , event-20332645-170 , 0e0 , 36028797058301.376 , 36028797038184.105 ,  , TRUE , [] ," {""step"": 170, ""operations"": [{""op"": ""draft"", ""device"": ""recovery-682841799"", ""epoch"": 6, ""sequence"": ""lease:probe-batch1-682841799/probe-3-682841799"", ""tokens"": [5736678, 52431961, 40558313], ""slots"": [2], ""receipt"": ""probe-second-1-verify-682841799""}]} "
 row-20332645-148 , event-20332645-148 , 0e0 , 36028797058299.154 , 36028797038184.105 ,  , TRUE , [] ," {""step"": 148, ""operations"": [{""op"": ""close"", ""device"": ""decode-682841799"", ""epoch"": 4, ""sequence"": ""lease:probe-batch0-682841799/probe-2-682841799"", ""status"": ""success""}]} "
 row-20332645-89 , event-20332645-89 , 0e0 , 36028797058293.195 , 36028797038184.105 ,  , TRUE , [] ," {""step"": 89, ""operations"": [{""op"": ""kv_seal"", ""device"": ""recovery-682841799"", ""epoch"": 6, ""job"": ""handoff-0-20332645"", ""ticket"": ""hop-ticket0-682841799"", ""rank"": 5}]} "
 row-20332645-127 , event-20332645-127 , 0e0 , 36028797058297.033 , 36028797038184.105 ,  , TRUE , [] ," {""step"": 127, ""operations"": [{""op"": ""kv_seal"", ""device"": ""decode-682841799"", ""epoch"": 4, ""job"": ""handoff-1-20332645"", ""ticket"": ""hop-ticket1-682841799"", ""rank"": 0}]} "
 row-20332645-83 , event-20332645-83 , 0e0 , 36028797058292.589 , 36028797038184.105 ,  , 1 , [] ," {""step"": 83, ""operations"": [{""op"": ""kv_dma"", ""device"": ""recovery-682841799"", ""epoch"": 6, ""job"": ""handoff-0-20332645"", ""ticket"": ""hop-ticket0-682841799"", ""source_epoch"": 4, ""coord"": [5, 1, 0, ""V"", 0], ""offset"": 0, ""values"": [-88583]}, {""op"": ""kv_dma"", ""device"": ""recovery-682841799"", ""epoch"": 6, ""job"": ""handoff-0-20332645"", ""ticket"": ""hop-ticket0-682841799"", ""source_epoch"": 4, ""coord"": [2, 1, 0, ""K"", 2], ""offset"": 0, ""values"": [10206, -93614, -79203, 88168, 7840, -88941, 13441, 36062, -96761, -81147, 73438, -8558, 87999, 92702, 24995, 56335, -58836, 31821, -64332, 49821, 6973, 92604, 21708, 83250, -91419]}, {""op"": ""kv_dma"", ""device"": ""recovery-682841799"", ""epoch"": 6, ""job"": ""handoff-0-20332645"", ""ticket"": ""hop-ticket0-682841799"", ""source_epoch"": 4, ""coord"": [7, 1, 0, ""K"", 2], ""offset"": 25, ""values"": [-57077, -9916, 69557, -44416, -73219, 71201, 62274, -40308, -44097, -21969, -4058, -16476, -13438, 24087, -93647, 24000, 61379, 86575, 49606, 52699, 44373, -65892, -97557, 44807, 15423]}, {""op"": ""kv_dma"", ""device"": ""recovery-682841799"", ""epoch"": 6, ""job"": ""handoff-0-20332645"", ""ticket"": ""hop-ticket0-682841799"", ""source_epoch"": 4, ""coord"": [5, 1, 1, ""K"", 0], ""offset"": 25, ""values"": [99914, -22042, 66156, 22064, -52333, 66249, -29340, -25841, 6165, -50929, 93529, -85817, -5066, -89020, -93244, 91684, 42424, -40144, -35587, -86009, -94436, -91303, 1630, -25298, 66589]}, {""op"": ""kv_dma"", ""device"": ""recovery-682841799"", ""epoch"": 6, ""job"": ""handoff-0-20332645"", ""ticket"": ""hop-ticket0-682841799"", ""source_epoch"": 4, ""coord"": [7, 1, 1, ""V"", 2], ""offset"": 0, ""values"": [-60365]}, {""op"": ""kv_dma"", ""device"": ""recovery-682841799"", ""epoch"": 6, ""job"": ""handoff-0-20332645"", ""ticket"": ""hop-ticket0-682841799"", ""source_epoch"": 4, ""coord"": [1, 1, 1, ""V"", 1], ""offset"": 0, ""values"": [-26939]}, {""op"": ""kv_dma"", ""device"": ""recovery-682841799"", ""epoch"": 6, ""job"": ""handoff-0-20332645"", ""ticket"": ""hop-ticket0-682841799"", ""source_epoch"": 4, ""coord"": [5, 1, 1, ""K"", 0], ""offset"": 0, ""values"": [-43087]}, {""op"": ""kv_dma"", ""device"": ""recovery-682841799"", ""epoch"": 6, ""job"": ""handoff-0-20332645"", ""ticket"": ""hop-ticket0-682841799"", ""source_epoch"": 4, ""coord"": [3, 1, 1, ""K"", 3], ""offset"": 0, ""values"": [1929]}, {""op"": ""kv_dma"", ""device"": ""recovery-682841799"", ""epoch"": 6, ""job"": ""handoff-0-20332645"", ""ticket"": ""hop-ticket0-682841799"", ""source_epoch"": 4, ""coord"": [7, 1, 1, ""V"", 2], ""offset"": 25, ""values"": [48134, -75401, 32297, 35258, -84977, -59201, -97362, -77016, 16031, -16158, 37461, -7140, -98636, -90341, -65832, 13647, 90754, -12435, 82164, 2259, 69016, 75166, -57131, -32039, -13579]}, {""op"": ""kv_dma"", ""device"": ""recovery-682841799"", ""epoch"": 6, ""job"": ""handoff-0-20332645"", ""ticket"": ""hop-ticket0-682841799"", ""source_epoch"": 4, ""coord"": [7, 1, 0, ""V"", 2], ""offset"": 0, ""values"": [99193, -1482, 79280, -691, 46035, 32987, 89412, 88177, 63733, 86064, -28350, -30136, -96995, -57006, -27662, -30883, 56526, 28986, -39490, -4255, -98529, -32069, 77787, -16525, 88036]}, {""op"": ""kv_dma"", ""device"": ""recovery-682841799"", ""epoch"": 6, ""job"": ""handoff-0-20332645"", ""ticket"": ""hop-ticket0-682841799"", ""source_epoch"": 4, ""coord"": [7, 0, 0, ""V"", 1], ""offset"": 15, ""values"": [-94435, 32219, 17259, -39969, 81982, 56453, 77712, -84532, -76046, -43507, -19535, -46909, 58529, 55357, -72702]}, {""op"": ""kv_dma"", ""device"": ""recovery-682841799"", ""epoch"": 6, ""job"": ""handoff-0-20332645"", ""ticket"": ""hop-ticket0-682841799"", ""source_epoch"": 4, ""coord"": [6, 0, 0, ""K"", 0], ""offset"": 0, ""values"": [42295]}, {""op"": ""kv_dma"", ""device"": ""recovery-682841799"", ""epoch"": 6, ""job"": ""handoff-0-20332645"", ""ticket"": ""hop-ticket0-682841799"", ""source_epoch"": 4, ""coord"": [2, 1, 0, ""V"", 2], ""offset"": 25, ""values"": [77443, -9584, 91753, -87239, -54816, 17275, -19026, -75083, -74048, 23019, 34408, 72292, -26682, -54509, -81859, 52396, -64652, 86655, 30831, -79646, -89417, -40210, -49485, 63090, -77248]}, {""op"": ""kv_dma"", ""device"": ""recovery-682841799"", ""epoch"": 6, ""job"": ""handoff-0-20332645"", ""ticket"": ""hop-ticket0-682841799"", ""source_epoch"": 4, ""coord"": [1, 0, 0, ""K"", 1], ""offset"": 0, ""values"": [-17090]}, {""op"": ""kv_dma"", ""device"": ""recovery-682841799"", ""epoch"": 6, ""job"": ""handoff-0-20332645"", ""ticket"": ""hop-ticket0-682841799"", ""source_epoch"": 4, ""coord"": [0, 1, 1, ""K"", 0], ""offset"": 25, ""values"": [99914, -22042, 66156, 22064, -52333, 66249, -29340, -25841, 6165, -50929, 93529, -85817, -5066, -89020, -93244, 91684, 42424, -40144, -35587, -86009, -94436, -91303, 1630, -25298, 66589]}, {""op"": ""kv_dma"", ""device"": ""recovery-682841799"", ""epoch"": 6, ""job"": ""handoff-0-20332645"", ""ticket"": ""hop-ticket0-682841799"", ""source_epoch"": 4, ""coord"": [7, 0, 0, ""K"", 1], ""offset"": 15, ""values"": [-13328, -84305, -16010, 96588, 85670, -38082, -80666, 69583, 948, 18006, 77388, -45805, 92521, -61096, 97124]}, {""op"": ""kv_dma"", ""device"": ""recovery-682841799"", ""epoch"": 6, ""job"": ""handoff-0-20332645"", ""ticket"": ""hop-ticket0-682841799"", ""source_epoch"": 4, ""coord"": [0, 1, 0, ""V"", 0], ""offset"": 0, ""values"": [-88583]}, {""op"": ""kv_dma"", ""device"": ""recovery-682841799"", ""epoch"": 6, ""job"": ""handoff-0-20332645"", ""ticket"": ""hop-ticket0-682841799"", ""source_epoch"": 4, ""coord"": [4, 0, 0, ""V"", 1], ""offset"": 0, ""values"": [58529]}]} "
 row-20332645-79 , event-20332645-79 , 0e0 , 36028797058292.185 , 36028797038184.105 ,  , 1 , [] ," {""step"": 79, ""operations"": [{""op"": ""kv_link"", ""device"": ""decode-682841799"", ""epoch"": 4, ""link"": ""alternate-out-1"", ""generation"": 20, ""capacity_bytes"": 100000000, ""enabled"": true}, {""op"": ""kv_dma"", ""device"": ""recovery-682841799"", ""epoch"": 6, ""job"": ""handoff-0-20332645"", ""ticket"": ""hop-ticket0-682841799"", ""source_epoch"": 4, ""coord"": [2, 0, 0, ""V"", 2], ""offset"": 0, ""values"": [74690]}, {""op"": ""kv_dma"", ""device"": ""recovery-682841799"", ""epoch"": 6, ""job"": ""handoff-0-20332645"", ""ticket"": ""hop-ticket0-682841799"", ""source_epoch"": 4, ""coord"": [3, 1, 1, ""V"", 3], ""offset"": 0, ""values"": [-29666]}, {""op"": ""kv_dma"", ""device"": ""recovery-682841799"", ""epoch"": 6, ""job"": ""handoff-0-20332645"", ""ticket"": ""hop-ticket0-682841799"", ""source_epoch"": 4, ""coord"": [0, 0, 0, ""V"", 0], ""offset"": 0, ""values"": [-58130, 76686, 17358, 78508, -20787, 70461, -76291, -72984, 14895, 39460, 33810, 63153, -59518, -60459, -31447]}, {""op"": ""kv_dma"", ""device"": ""recovery-682841799"", ""epoch"": 6, ""job"": ""handoff-0-20332645"", ""ticket"": ""hop-ticket0-682841799"", ""source_epoch"": 4, ""coord"": [4, 0, 0, ""K"", 1], ""offset"": 0, ""values"": [-17090]}, {""op"": ""kv_dma"", ""device"": ""recovery-682841799"", ""epoch"": 6, ""job"": ""handoff-0-20332645"", ""ticket"": ""hop-ticket0-682841799"", ""source_epoch"": 4, ""coord"": [4, 1, 0, ""K"", 4], ""offset"": 25, ""values"": [-25368, -65516, 61750, 4721, 50835, -77359, -89125, 70801, 27288, 39364, -27923, -22406, 16195, -31456, 69193, 63707, -75814, -37684, -162, 16234, -88246, -73275, -38198, -81194, -60706]}, {""op"": ""kv_dma"", ""device"": ""recovery-682841799"", ""epoch"": 6, ""job"": ""handoff-0-20332645"", ""ticket"": ""hop-ticket0-682841799"", ""source_epoch"": 4, ""coord"": [4, 1, 0, ""K"", 4], ""offset"": 0, ""values"": [27512]}, {""op"": ""kv_dma"", ""device"": ""recovery-682841799"", ""epoch"": 6, ""job"": ""handoff-0-20332645"", ""ticket"": ""hop-ticket0-682841799"", ""source_epoch"": 4, ""coord"": [1, 1, 1, ""V"", 1], ""offset"": 0, ""values"": [-26939, -37454, -29877, 82700, -65300, -53651, 80158, 37360, 49591, -12208, 6228, 76348, 7560, -21339, -24785, 69615, 39169, -93945, 28978, -93993, 39128, -27870, -59605, 45083, 66860]}, {""op"": ""kv_dma"", ""device"": ""recovery-682841799"", ""epoch"": 6, ""job"": ""handoff-0-20332645"", ""ticket"": ""hop-ticket0-682841799"", ""source_epoch"": 4, ""coord"": [4, 1, 0, ""V"", 4], ""offset"": 0, ""values"": [31653, -9907, 4356, 12464, -75767, 55967, 71180, -57968, -23249, -59672, 47588, -58514, -74949, 23745, 86040, 38855, -6603, 31606, -66397, -33465, -69152, 23984, 32996, -7451, -86605]}, {""op"": ""kv_dma"", ""device"": ""recovery-682841799"", ""epoch"": 6, ""job"": ""handoff-0-20332645"", ""ticket"": ""hop-ticket0-682841799"", ""source_epoch"": 4, ""coord"": [0, 0, 0, ""K"", 0], ""offset"": 0, ""values"": [42295]}, {""op"": ""kv_dma"", ""device"": ""recovery-682841799"", ""epoch"": 6, ""job"": ""handoff-0-20332645"", ""ticket"": ""hop-ticket0-682841799"", ""source_epoch"": 4, ""coord"": [3, 1, 1, ""V"", 3], ""offset"": 25, ""values"": [-20001, -37169, -32697, -29531, -1267, 6872, 66694, 37559, -96936, -25458, -52745, -67751, 61683, 126, -95380, 31892, 22893, -18992, -3173, -15266, -68569, -74112, -69363, -60880, -53482]}, {""op"": ""kv_dma"", ""device"": ""recovery-682841799"", ""epoch"": 6, ""job"": ""handoff-0-20332645"", ""ticket"": ""hop-ticket0-682841799"", ""source_epoch"": 4, ""coord"": [1, 1, 1, ""K"", 1], ""offset"": 0, ""values"": [37339, 50914, 48413, 10200, -16151, 63528, 37736, 67772, 7820, -9264, -74121, -13519, 90404, -88230, -1903, -17856, -29879, -16529, -17540, -66349, -25470, -863, 20609, -2, -68819]}, {""op"": ""kv_dma"", ""device"": ""recovery-682841799"", ""epoch"": 6, ""job"": ""handoff-0-20332645"", ""ticket"": ""hop-ticket0-682841799"", ""source_epoch"": 4, ""coord"": [0, 0, 0, ""V"", 0], ""offset"": 0, ""values"": [-58130]}, {""op"": ""kv_dma"", ""device"": ""recovery-682841799"", ""epoch"": 6, ""job"": ""handoff-0-20332645"", ""ticket"": ""hop-ticket0-682841799"", ""source_epoch"": 4, ""coord"": [0, 1, 1, ""V"", 0], ""offset"": 25, ""values"": [62621, 731, 47148, 55217, 2320, 20559, -7818, 78619, 2393, -62738, 45408, -39846, -8295, 44691, -10830, 72230, -22338, -44512, 16486, -97517, 41701, -42038, 95151, 88737, 86176]}, {""op"": ""kv_dma"", ""device"": ""recovery-682841799"", ""epoch"": 6, ""job"": ""handoff-0-20332645"", ""ticket"": ""hop-ticket0-682841799"", ""source_epoch"": 4, ""coord"": [1, 0, 0, ""V"", 1], ""offset"": 0, ""values"": [58529]}, {""op"": ""kv_dma"", ""device"": ""recovery-682841799"", ""epoch"": 6, ""job"": ""handoff-0-20332645"", ""ticket"": ""hop-ticket0-682841799"", ""source_epoch"": 4, ""coord"": [3, 1, 0, ""V"", 3], ""offset"": 0, ""values"": [80219]}, {""op"": ""kv_dma"", ""device"": ""recovery-682841799"", ""epoch"": 6, ""job"": ""handoff-0-20332645"", ""ticket"": ""hop-ticket0-682841799"", ""source_epoch"": 4, ""coord"": [4, 0, 0, ""K"", 1], ""offset"": 0, ""values"": [-17090, -83109, 57618, -76097, 25001, 24142, -90774, 75968, 97860, -39498, -97703, 83155, -1942, 58866, -97982]}, {""op"": ""kv_dma"", ""device"": ""recovery-682841799"", ""epoch"": 6, ""job"": ""handoff-0-20332645"", ""ticket"": ""hop-ticket0-682841799"", ""source_epoch"": 4, ""coord"": [1, 1, 0, ""K"", 1], ""offset"": 0, ""values"": [-30641]}, {""op"": ""kv_dma"", ""device"": ""recovery-682841799"", ""epoch"": 6, ""job"": ""handoff-0-20332645"", ""ticket"": ""hop-ticket0-682841799"", ""source_epoch"": 4, ""coord"": [1, 0, 0, ""K"", 1], ""offset"": 15, ""values"": [-13328, -84305, -16010, 96588, 85670, -38082, -80666, 69583, 948, 18006, 77388, -45805, 92521, -61096, 97124]}, {""op"": ""evict"", ""device"": ""decode-682841799"", ""epoch"": 4, ""cache"": ""absent""}]} "
 row-20332645-119 , event-20332645-119 , 0e0 , 36028797058296.225 , 36028797038184.105 ,  , 1 , [] ," {""step"": 119, ""operations"": [{""op"": ""kv_dma"", ""device"": ""decode-682841799"", ""epoch"": 4, ""job"": ""handoff-1-20332645"", ""ticket"": ""hop-ticket1-682841799"", ""source_epoch"": 6, ""coord"": [0, 1, 1, ""K"", 4], ""offset"": 0, ""values"": [-45991]}, {""op"": ""kv_dma"", ""device"": ""decode-682841799"", ""epoch"": 4, ""job"": ""handoff-1-20332645"", ""ticket"": ""hop-ticket1-682841799"", ""source_epoch"": 6, ""coord"": [0, 1, 1, ""K"", 0], ""offset"": 25, ""values"": [39636, -89199, 73689, -33204, -20959, 88365, -41691, -47946, 44015, -31055, 65045, 59112, 85153, -90410, -31841, 59694, -82064, 45514, -65236, 15301, 97276, -56098, 86116, 87203, -81556]}, {""op"": ""kv_dma"", ""device"": ""decode-682841799"", ""epoch"": 4, ""job"": ""handoff-1-20332645"", ""ticket"": ""hop-ticket1-682841799"", ""source_epoch"": 6, ""coord"": [0, 1, 1, ""V"", 0], ""offset"": 0, ""values"": [38942]}, {""op"": ""kv_dma"", ""device"": ""decode-682841799"", ""epoch"": 4, ""job"": ""handoff-1-20332645"", ""ticket"": ""hop-ticket1-682841799"", ""source_epoch"": 6, ""coord"": [3, 1, 1, ""K"", 3], ""offset"": 0, ""values"": [70334]}, {""op"": ""kv_dma"", ""device"": ""decode-682841799"", ""epoch"": 4, ""job"": ""handoff-1-20332645"", ""ticket"": ""hop-ticket1-682841799"", ""source_epoch"": 6, ""coord"": [0, 1, 1, ""K"", 0], ""offset"": 0, ""values"": [-11310]}, {""op"": ""kv_dma"", ""device"": ""decode-682841799"", ""epoch"": 4, ""job"": ""handoff-1-20332645"", ""ticket"": ""hop-ticket1-682841799"", ""source_epoch"": 6, ""coord"": [1, 1, 0, ""V"", 1], ""offset"": 0, ""values"": [77330, -71318, 58139, 91125, 96922, 92819, -5462, -97622, -36088, 59605, -73799, 94771, -14255, -88897, 77749, -59346, -39250, 2830, -41459, 63509, 63127, -72730, 2126, -94109, -95975]}, {""op"": ""kv_dma"", ""device"": ""decode-682841799"", ""epoch"": 4, ""job"": ""handoff-1-20332645"", ""ticket"": ""hop-ticket1-682841799"", ""source_epoch"": 6, ""coord"": [3, 1, 0, ""V"", 3], ""offset"": 25, ""values"": [94361, -12098, 90951, 89547, -25128, 60070, -98039, 7349, -40650, -87141, 91567, 35072, 47715, -56462, -10403, -79519, -98599, 72519, 33597, 88960, 84421, 17422, 42482, -20125, -93730]}, {""op"": ""kv_dma"", ""device"": ""decode-682841799"", ""epoch"": 4, ""job"": ""handoff-1-20332645"", ""ticket"": ""hop-ticket1-682841799"", ""source_epoch"": 6, ""coord"": [2, 1, 0, ""K"", 2], ""offset"": 0, ""values"": [41843]}, {""op"": ""kv_dma"", ""device"": ""decode-682841799"", ""epoch"": 4, ""job"": ""handoff-1-20332645"", ""ticket"": ""hop-ticket1-682841799"", ""source_epoch"": 6, ""coord"": [1, 1, 1, ""K"", 1], ""offset"": 0, ""values"": [-73323]}, {""op"": ""kv_dma"", ""device"": ""decode-682841799"", ""epoch"": 4, ""job"": ""handoff-1-20332645"", ""ticket"": ""hop-ticket1-682841799"", ""source_epoch"": 6, ""coord"": [2, 1, 1, ""K"", 2], ""offset"": 0, ""values"": [36522, -57711, -34058, -97717, 20805, -6197, -25381, -11935, 46307, -54346, 29171, 71778, -96718, -93719, -24753, -16246, -776, -24673, 79750, -80507, 6778, 51580, 51026, 12551, -58570]}, {""op"": ""kv_dma"", ""device"": ""decode-682841799"", ""epoch"": 4, ""job"": ""handoff-1-20332645"", ""ticket"": ""hop-ticket1-682841799"", ""source_epoch"": 6, ""coord"": [3, 1, 1, ""V"", 3], ""offset"": 25, ""values"": [-10360, 46735, -84737, 30996, -47626, 65296, -71648, -95598, -91204, -61686, 7604, 4392, 65802, -99583, 33554, 86899, 25666, -55520, 23632, 50054, 6840, 78551, 50149, 56761, 12834]}, {""op"": ""kv_dma"", ""device"": ""decode-682841799"", ""epoch"": 4, ""job"": ""handoff-1-20332645"", ""ticket"": ""hop-ticket1-682841799"", ""source_epoch"": 6, ""coord"": [0, 1, 1, ""V"", 4], ""offset"": 25, ""values"": [14285, 7569, 26367, -14675, -49877, 22545, 12820, 13520, -75064, 50006, 9634, -56716, -51523, -79798, 30525, -60593, 22247, 39518, -47233, 66344, -84449, -45245, -44590, -28364, 13050]}, {""op"": ""kv_dma"", ""device"": ""decode-682841799"", ""epoch"": 4, ""job"": ""handoff-1-20332645"", ""ticket"": ""hop-ticket1-682841799"", ""source_epoch"": 6, ""coord"": [0, 0, 0, ""V"", 0], ""offset"": 15, ""values"": [81109, 48085, 76408, -22218, -84419, 55762, 6801, 5863, -56918, -94716, 31073, -24807, -55930, 7288, 87518]}, {""op"": ""kv_dma"", ""device"": ""decode-682841799"", ""epoch"": 4, ""job"": ""handoff-1-20332645"", ""ticket"": ""hop-ticket1-682841799"", ""source_epoch"": 6, ""coord"": [0, 1, 1, ""V"", 0], ""offset"": 0, ""values"": [38942, -45246, 10568, -23569, 13093, -13831, 29584, -85470, 24575, 81496, -49009, -68401, 69683, 28893, 88812, -54139, -63977, -97799, -18239, 34067, 13255, 56203, -81476, 6112, 80736]}, {""op"": ""kv_dma"", ""device"": ""decode-682841799"", ""epoch"": 4, ""job"": ""handoff-1-20332645"", ""ticket"": ""hop-ticket1-682841799"", ""source_epoch"": 6, ""coord"": [3, 0, 0, ""K"", 0], ""offset"": 0, ""values"": [-94160, -19621, -71747, -63259, -21731, 45334, 28103, -28294, -81258, -71714, 11107, 52246, -21652, 44500, -12260]}, {""op"": ""kv_dma"", ""device"": ""decode-682841799"", ""epoch"": 4, ""job"": ""handoff-1-20332645"", ""ticket"": ""hop-ticket1-682841799"", ""source_epoch"": 6, ""coord"": [3, 0, 0, ""V"", 0], ""offset"": 0, ""values"": [60907]}, {""op"": ""kv_dma"", ""device"": ""decode-682841799"", ""epoch"": 4, ""job"": ""handoff-1-20332645"", ""ticket"": ""hop-ticket1-682841799"", ""source_epoch"": 6, ""coord"": [0, 1, 1, ""V"", 0], ""offset"": 25, ""values"": [-63190, -16036, -64663, 37586, 8199, -77415, -79054, 36247, 93146, -5258, 49036, -54364, -47487, 38528, -50734, -90730, -48712, -5240, -20927, -67953, 68286, -1233, 27433, 26181, -62618]}, {""op"": ""kv_dma"", ""device"": ""decode-682841799"", ""epoch"": 4, ""job"": ""handoff-1-20332645"", ""ticket"": ""hop-ticket1-682841799"", ""source_epoch"": 6, ""coord"": [3, 1, 0, ""K"", 3], ""offset"": 25, ""values"": [-74847, 70410, 22147, -23449, -37091, 30780, 72221, -6968, -31222, 3145, -12462, 50856, -64776, -74644, -20617, -66664, 11855, -4110, 71269, 65536, 20608, 2823, 52117, -18056, -73762]}]} "
 row-20332645-14 , event-20332645-14 , 0e0 , 36028797058285.62 , 36028797038184.105 ,  , TRUE , [] ," {""step"": 14, ""operations"": [{""op"": ""append"", ""device"": ""prefill-682841799"", ""epoch"": 2, ""sequence"": ""lease:baseline-batch0-682841799/baseline-0-682841799"", ""tokens"": [5736678, 52431961], ""slots"": [2]}]} "
 row-20332645-31 , event-20332645-31 , 0e0 , 36028797058287.337 , 36028797038184.105 ,  , 1 , [] ," {""step"": 31, ""operations"": [{""op"": ""append"", ""device"": ""prefill-682841799"", ""epoch"": 2, ""sequence"": ""lease:baseline-batch1-682841799/baseline-2-682841799"", ""tokens"": [5736678, 52431961], ""slots"": [2]}]} "
 row-20332645-84 , event-20332645-84 , 0e0 , 36028797058292.69 , 36028797038184.105 ,  , 1 , [] ," {""step"": 84, ""operations"": [{""op"": ""kv_dma"", ""device"": ""recovery-682841799"", ""epoch"": 6, ""job"": ""handoff-0-20332645"", ""ticket"": ""hop-ticket0-682841799"", ""source_epoch"": 4, ""coord"": [1, 1, 1, ""K"", 1], ""offset"": 0, ""values"": [37339]}, {""op"": ""kv_dma"", ""device"": ""recovery-682841799"", ""epoch"": 6, ""job"": ""handoff-0-20332645"", ""ticket"": ""hop-ticket0-682841799"", ""source_epoch"": 4, ""coord"": [3, 1, 0, ""V"", 3], ""offset"": 25, ""values"": [-71537, 93544, 56225, -23824, -36022, -73202, 13593, 82215, 78145, 67398, 15101, -51065, 52252, 17586, -3654, 27657, 23670, -35170, 35137, 22564, 72430, 67274, -81676, 35659, -11899]}, {""op"": ""kv_dma"", ""device"": ""recovery-682841799"", ""epoch"": 6, ""job"": ""handoff-0-20332645"", ""ticket"": ""hop-ticket0-682841799"", ""source_epoch"": 4, ""coord"": [3, 1, 1, ""V"", 3], ""offset"": 0, ""values"": [-29666, 65323, 76801, 52386, -32689, -25427, 85077, 44699, -9740, 53289, 7000, -12553, 75780, -7896, 78566, -14659, 21235, 13254, 29727, -82004, 60649, -6464, -96820, -80965, 112]}, {""op"": ""kv_dma"", ""device"": ""recovery-682841799"", ""epoch"": 6, ""job"": ""handoff-0-20332645"", ""ticket"": ""hop-ticket0-682841799"", ""source_epoch"": 4, ""coord"": [3, 0, 0, ""K"", 0], ""offset"": 0, ""values"": [42295, 60557, 60341, 41986, 4220, -71897, 33076, 56248, 38985, 67146, 3257, 10160, -69077, 97708, 11887]}, {""op"": ""kv_dma"", ""device"": ""recovery-682841799"", ""epoch"": 6, ""job"": ""handoff-0-20332645"", ""ticket"": ""hop-ticket0-682841799"", ""source_epoch"": 4, ""coord"": [2, 1, 0, ""V"", 2], ""offset"": 0, ""values"": [99193]}, {""op"": ""kv_dma"", ""device"": ""recovery-682841799"", ""epoch"": 6, ""job"": ""handoff-0-20332645"", ""ticket"": ""hop-ticket0-682841799"", ""source_epoch"": 4, ""coord"": [4, 0, 0, ""V"", 1], ""offset"": 0, ""values"": [58529, -13207, 43935, -11265, -14384, -58077, -4063, -12713, -62805, -76047, 94984, -48468, -54516, 55253, -69462]}, {""op"": ""kv_dma"", ""device"": ""recovery-682841799"", ""epoch"": 6, ""job"": ""handoff-0-20332645"", ""ticket"": ""hop-ticket0-682841799"", ""source_epoch"": 4, ""coord"": [0, 1, 0, ""V"", 0], ""offset"": 0, ""values"": [-88583, -94375, -14620, -67722, 66481, 55287, -66295, -90888, 65890, 81779, 77652, -27214, 38643, 14864, 38127, -37901, 93694, -65946, -90040, -53027, -51760, 23540, 15301, 66474, 214]}, {""op"": ""kv_dma"", ""device"": ""recovery-682841799"", ""epoch"": 6, ""job"": ""handoff-0-20332645"", ""ticket"": ""hop-ticket0-682841799"", ""source_epoch"": 4, ""coord"": [4, 1, 0, ""V"", 4], ""offset"": 25, ""values"": [82985, 37750, 27330, -48809, 7538, -19992, 78013, 95106, 73171, -48314, -89796, 70637, 81331, 16398, 28747, 8887, 75983, 10377, -83098, -43825, -65405, -85798, 21976, -46113, -19139]}, {""op"": ""kv_dma"", ""device"": ""recovery-682841799"", ""epoch"": 6, ""job"": ""handoff-0-20332645"", ""ticket"": ""hop-ticket0-682841799"", ""source_epoch"": 4, ""coord"": [4, 1, 1, ""K"", 4], ""offset"": 0, ""values"": [39096, 74493, -96421, 48611, 62714, -89513, -8769, -49197, -41197, -1611, 1889, 40502, -47262, 89813, 68713, 14190, 43314, 54977, -9137, -10926, -18701, -34064, 28998, -93690, 10909]}, {""op"": ""kv_dma"", ""device"": ""recovery-682841799"", ""epoch"": 6, ""job"": ""handoff-0-20332645"", ""ticket"": ""hop-ticket0-682841799"", ""source_epoch"": 4, ""coord"": [6, 1, 1, ""V"", 1], ""offset"": 0, ""values"": [-26939, -37454, -29877, 82700, -65300, -53651, 80158, 37360, 49591, -12208, 6228, 76348, 7560, -21339, -24785, 69615, 39169, -93945, 28978, -93993, 39128, -27870, -59605, 45083, 66860]}, {""op"": ""kv_dma"", ""device"": ""recovery-682841799"", ""epoch"": 6, ""job"": ""handoff-0-20332645"", ""ticket"": ""hop-ticket0-682841799"", ""source_epoch"": 4, ""coord"": [7, 0, 0, ""V"", 1], ""offset"": 0, ""values"": [58529]}, {""op"": ""kv_dma"", ""device"": ""recovery-682841799"", ""epoch"": 6, ""job"": ""handoff-0-20332645"", ""ticket"": ""hop-ticket0-682841799"", ""source_epoch"": 4, ""coord"": [6, 1, 1, ""V"", 1], ""offset"": 25, ""values"": [68345, -3680, -42217, -48138, 44776, -27741, 90869, 77024, 22829, -77739, -31086, -37000, 94918, -36869, 40624, 95178, 67167, 35548, -60448, -65103, -44945, 6617, -51464, 52413, -74370]}, {""op"": ""kv_dma"", ""device"": ""recovery-682841799"", ""epoch"": 6, ""job"": ""handoff-0-20332645"", ""ticket"": ""hop-ticket0-682841799"", ""source_epoch"": 4, ""coord"": [0, 1, 1, ""K"", 0], ""offset"": 0, ""values"": [-43087]}, {""op"": ""kv_dma"", ""device"": ""recovery-682841799"", ""epoch"": 6, ""job"": ""handoff-0-20332645"", ""ticket"": ""hop-ticket0-682841799"", ""source_epoch"": 4, ""coord"": [7, 1, 1, ""K"", 2], ""offset"": 0, ""values"": [-79904, -67905, -61416, 59865, -56138, -15112, 12922, -24731, -91769, 33563, -88944, 75477, 66573, -87992, -25768, -35402, 84572, 64647, -42331, 16473, 18399, 68672, 21951, -16391, 6943]}, {""op"": ""kv_dma"", ""device"": ""recovery-682841799"", ""epoch"": 6, ""job"": ""handoff-0-20332645"", ""ticket"": ""hop-ticket0-682841799"", ""source_epoch"": 4, ""coord"": [3, 0, 0, ""V"", 0], ""offset"": 0, ""values"": [-58130, 76686, 17358, 78508, -20787, 70461, -76291, -72984, 14895, 39460, 33810, 63153, -59518, -60459, -31447]}, {""op"": ""kv_dma"", ""device"": ""recovery-682841799"", ""epoch"": 6, ""job"": ""handoff-0-20332645"", ""ticket"": ""hop-ticket0-682841799"", ""source_epoch"": 4, ""coord"": [3, 1, 0, ""K"", 3], ""offset"": 0, ""values"": [-70249, -41617, 98786, 39541, 45601, -49329, 87359, 81772, -52377, -63546, -20169, -93480, 66594, 69652, -80671, -57004, -52322, -7680, 62039, -41623, 11220, -39510, 68043, -76443, -55339]}, {""op"": ""kv_dma"", ""device"": ""recovery-682841799"", ""epoch"": 6, ""job"": ""handoff-0-20332645"", ""ticket"": ""hop-ticket0-682841799"", ""source_epoch"": 4, ""coord"": [7, 1, 0, ""K"", 2], ""offset"": 0, ""values"": [10206, -93614, -79203, 88168, 7840, -88941, 13441, 36062, -96761, -81147, 73438, -8558, 87999, 92702, 24995, 56335, -58836, 31821, -64332, 49821, 6973, 92604, 21708, 83250, -91419]}, {""op"": ""kv_dma"", ""device"": ""recovery-682841799"", ""epoch"": 6, ""job"": ""handoff-0-20332645"", ""ticket"": ""hop-ticket0-682841799"", ""source_epoch"": 4, ""coord"": [6, 0, 0, ""K"", 0], ""offset"": 15, ""values"": [62879, -61973, -41125, 95756, -55770, -28285, 9019, 90389, 80541, -88798, 2404, -1145, -66897, 52577, -48096]}]} "
 row-20332645-120 , event-20332645-120 , 0e0 , 36028797058296.326 , 36028797038184.105 ,  , 1 , [] ," {""step"": 120, ""operations"": [{""op"": ""kv_dma"", ""device"": ""decode-682841799"", ""epoch"": 4, ""job"": ""handoff-1-20332645"", ""ticket"": ""hop-ticket1-682841799"", ""source_epoch"": 6, ""coord"": [2, 0, 0, ""V"", 2], ""offset"": 0, ""values"": [65429, 18415, -86742, -14979, -39410, 12881, 11157, 82109, 93138, -11058, 33039, -7305, 96777, 40987, -84676]}, {""op"": ""kv_dma"", ""device"": ""decode-682841799"", ""epoch"": 4, ""job"": ""handoff-1-20332645"", ""ticket"": ""hop-ticket1-682841799"", ""source_epoch"": 6, ""coord"": [0, 1, 0, ""V"", 0], ""offset"": 0, ""values"": [-99200, -88113, 1868, 81566, 92295, 22944, -80578, -26946, -56844, 78108, 11136, -4974, -23001, -86935, 92407, 99590, 38493, -7235, -46720, -93068, -11125, 49620, 32869, 85634, -61131]}, {""op"": ""kv_dma"", ""device"": ""decode-682841799"", ""epoch"": 4, ""job"": ""handoff-1-20332645"", ""ticket"": ""hop-ticket1-682841799"", ""source_epoch"": 6, ""coord"": [0, 0, 0, ""V"", 0], ""offset"": 0, ""values"": [60907]}, {""op"": ""kv_dma"", ""device"": ""decode-682841799"", ""epoch"": 4, ""job"": ""handoff-1-20332645"", ""ticket"": ""hop-ticket1-682841799"", ""source_epoch"": 6, ""coord"": [3, 1, 0, ""K"", 3], ""offset"": 0, ""values"": [22722, 92758, 95184, -7181, -3181, 7933, -42878, -93966, -73755, 50687, -81848, 3287, -67828, -24511, -89838, -70269, 65114, 49703, -91685, 7935, -24773, -9895, 6756, -56881, 11767]}, {""op"": ""kv_dma"", ""device"": ""decode-682841799"", ""epoch"": 4, ""job"": ""handoff-1-20332645"", ""ticket"": ""hop-ticket1-682841799"", ""source_epoch"": 6, ""coord"": [2, 0, 0, ""K"", 2], ""offset"": 15, ""values"": [90524, 68185, 81488, -65181, -80158, -10619, -67533, -4723, -23426, 61557, 74771, -38066, -39822, -40548, -39672]}, {""op"": ""kv_dma"", ""device"": ""decode-682841799"", ""epoch"": 4, ""job"": ""handoff-1-20332645"", ""ticket"": ""hop-ticket1-682841799"", ""source_epoch"": 6, ""coord"": [2, 1, 1, ""K"", 2], ""offset"": 25, ""values"": [-583, 99287, 29490, -51724, -39482, -40695, 12376, 66557, -63810, 73550, -77075, 29407, -52153, -95766, 2533, -5001, -83550, -82163, -25792, 80309, -20123, 15452, 59183, -96017, -6881]}, {""op"": ""kv_dma"", ""device"": ""decode-682841799"", ""epoch"": 4, ""job"": ""handoff-1-20332645"", ""ticket"": ""hop-ticket1-682841799"", ""source_epoch"": 6, ""coord"": [2, 1, 0, ""V"", 2], ""offset"": 0, ""values"": [82077, -83048, 73537, 69148, -59990, 60773, 97845, 98140, -63746, -52331, -16284, 95287, -36901, 26547, 27243, 52035, 43842, -76411, 57315, -25603, 24571, -25788, -95720, -62024, 45254]}, {""op"": ""kv_dma"", ""device"": ""decode-682841799"", ""epoch"": 4, ""job"": ""handoff-1-20332645"", ""ticket"": ""hop-ticket1-682841799"", ""source_epoch"": 6, ""coord"": [1, 1, 1, ""K"", 1], ""offset"": 0, ""values"": [-73323, -12564, -80891, -22816, 32726, -16061, -66096, -30022, 78783, 61405, 70495, -10016, -39041, -20960, -21393, -89181, 53475, -77150, 55989, 52486, -63831, -6163, 32451, -89798, 28387]}, {""op"": ""kv_dma"", ""device"": ""decode-682841799"", ""epoch"": 4, ""job"": ""handoff-1-20332645"", ""ticket"": ""hop-ticket1-682841799"", ""source_epoch"": 6, ""coord"": [0, 1, 1, ""V"", 4], ""offset"": 0, ""values"": [22094, -37064, 69561, 33560, -6816, -67185, 58949, 3489, 23843, -9010, 87148, 30162, -91141, 71101, 64454, -21945, -48764, 15085, -12696, 68206, 14245, -68272, -26296, -36541, -83474]}, {""op"": ""kv_dma"", ""device"": ""decode-682841799"", ""epoch"": 4, ""job"": ""handoff-1-20332645"", ""ticket"": ""hop-ticket1-682841799"", ""source_epoch"": 6, ""coord"": [2, 1, 1, ""K"", 2], ""offset"": 0, ""values"": [36522]}, {""op"": ""kv_dma"", ""device"": ""decode-682841799"", ""epoch"": 4, ""job"": ""handoff-1-20332645"", ""ticket"": ""hop-ticket1-682841799"", ""source_epoch"": 6, ""coord"": [1, 0, 0, ""V"", 1], ""offset"": 15, ""values"": [-67474, 65341, 71943, -19411, -40201, -60773, -24087, 80196, 16894, -69549, 1729, -80796, 86088, 42185, -71680]}, {""op"": ""kv_dma"", ""device"": ""decode-682841799"", ""epoch"": 4, ""job"": ""handoff-1-20332645"", ""ticket"": ""hop-ticket1-682841799"", ""source_epoch"": 6, ""coord"": [0, 1, 1, ""K"", 4], ""offset"": 25, ""values"": [-2319, 12537, -93000, 92135, 15891, 81016, -88303, -17863, 82047, 12017, -21299, -21710, -16604, -45768, -37330, -79676, 19582, -29302, 51860, -63831, 57891, 71758, 17558, -94388, -4147]}, {""op"": ""kv_dma"", ""device"": ""decode-682841799"", ""epoch"": 4, ""job"": ""handoff-1-20332645"", ""ticket"": ""hop-ticket1-682841799"", ""source_epoch"": 6, ""coord"": [1, 1, 0, ""V"", 1], ""offset"": 25, ""values"": [-28489, -54570, -96372, 38007, 28901, -73912, -64702, 67349, 51720, 47785, -24660, 42974, -24092, 80694, -31343, 9640, 75742, -81691, -33406, 47244, -69049, 30126, 13972, -24718, 80554]}, {""op"": ""kv_dma"", ""device"": ""decode-682841799"", ""epoch"": 4, ""job"": ""handoff-1-20332645"", ""ticket"": ""hop-ticket1-682841799"", ""source_epoch"": 6, ""coord"": [0, 1, 1, ""K"", 4], ""offset"": 0, ""values"": [-45991, -77693, -23876, -18129, -47343, 94525, -47844, -44554, 30590, -63365, -22856, 70645, -55403, -56358, 9296, 29588, 6892, 64685, -64873, 1352, -98719, -68184, 39647, -92182, -36522]}, {""op"": ""kv_dma"", ""device"": ""decode-682841799"", ""epoch"": 4, ""job"": ""handoff-1-20332645"", ""ticket"": ""hop-ticket1-682841799"", ""source_epoch"": 6, ""coord"": [0, 0, 0, ""K"", 0], ""offset"": 0, ""values"": [-94160, -19621, -71747, -63259, -21731, 45334, 28103, -28294, -81258, -71714, 11107, 52246, -21652, 44500, -12260]}, {""op"": ""kv_dma"", ""device"": ""decode-682841799"", ""epoch"": 4, ""job"": ""handoff-1-20332645"", ""ticket"": ""hop-ticket1-682841799"", ""source_epoch"": 6, ""coord"": [3, 1, 1, ""K"", 3], ""offset"": 0, ""values"": [70334, 96031, 74444, 58278, 64192, 75451, 70347, -38799, -86296, 5193, 23196, 32672, 55409, 44031, 1201, -31916, 46976, 28074, 88254, -35182, -58271, -18613, -20055, -91976, -88358]}, {""op"": ""kv_dma"", ""device"": ""decode-682841799"", ""epoch"": 4, ""job"": ""handoff-1-20332645"", ""ticket"": ""hop-ticket1-682841799"", ""source_epoch"": 6, ""coord"": [1, 1, 1, ""V"", 1], ""offset"": 25, ""values"": [-98940, 94078, 50846, 23702, 15607, -74258, -42110, 16143, 12410, -40599, -61991, -36032, -88678, 69727, 659, -50262, -57523, -95542, 28253, -79154, 34634, -6762, 29315, 93925, 67419]}, {""op"": ""kv_dma"", ""device"": ""decode-682841799"", ""epoch"": 4, ""job"": ""handoff-1-20332645"", ""ticket"": ""hop-ticket1-682841799"", ""source_epoch"": 6, ""coord"": [3, 0, 0, ""V"", 0], ""offset"": 0, ""values"": [60907, 97314, -97520, 95872, -45743, 33748, -43770, 48011, -27789, -92751, 31397, -92291, 28007, 56090, -26878]}]} "
 row-20332645-75 , event-20332645-75 , 0e0 , 36028797058291.781 , 36028797038184.105 ,  , 1 , [] ," {""step"": 75, ""operations"": [{""op"": ""kv_source"", ""device"": ""prefill-682841799"", ""epoch"": 2, ""offer"": ""probe-export-20332645"", ""coord"": [0, 1, 1, ""K"", 4], ""offset"": 0, ""values"": [-66900, -6698, -12991, -99084, 76698, 75992, 95355, 73023, -94711, 51062, -95577, -80764, 64786, -21613, 8343, 52414, 43083, 84187, -23653, -19174, 35605, 96037, 69685, -30023, -18695, -22670, 70163, 75068, -76855, 24572, -95287, 18516, 40513, -55844, -64713, 47244, -81818, 64772, -45807, -96804, -35888, 78873, 16209, -1866, -43964]}, {""op"": ""kv_source"", ""device"": ""prefill-682841799"", ""epoch"": 2, ""offer"": ""probe-export-20332645"", ""coord"": [0, 1, 1, ""V"", 0], ""offset"": 0, ""values"": [-26865, 7935, 55825, 29120, 28222, 92036, 72755, 38967, 77130, 14849, 55050, 83666, -73538, -89706, -11868, 52210, 37255, -29060, 45257, -95262, -24441, -48168, -55567, 43009, 24245, -95363, -85651, -93186, 68702, -56774, -90229, -22193, -49986, 51132, 89663, 54508, -6149, -1921, 10877, 87348, 89550, -95884, -97340, -49662, -57187]}, {""op"": ""kv_source"", ""device"": ""prefill-682841799"", ""epoch"": 2, ""offer"": ""probe-export-20332645"", ""coord"": [0, 1, 1, ""V"", 2], ""offset"": 0, ""values"": [2907, -45471, 66321, 56876, 96977, -68059, -46124, 46543, 97153, 55065, 45807, 2680, -3631, -30485, 87155, 81727, -47943, -21815, 29196, -73420, 57447, 88039, 82828, 2796, 97272, 98252, -88642, 26166, 94953, 12165, -86947, -16251, -43472, 28240, 8530, -21594, 70506, -52579, 36392, 54876, -33877, 69188, -30185, -53011, -55333]}, {""op"": ""kv_source"", ""device"": ""prefill-682841799"", ""epoch"": 2, ""offer"": ""probe-export-20332645"", ""coord"": [0, 1, 1, ""V"", 4], ""offset"": 0, ""values"": [-55070, -87286, 88549, -69887, 69684, -88241, -92722, -89249, -99618, -64453, 58544, -70728, 58090, -90695, 29461, -62991, -95315, -46664, -17036, 76535, -2461, -21097, -46259, 1755, -41258, 89503, 76688, -58994, 38638, -81552, 98531, 92461, 99474, -20486, -79697, 79730, 19667, -17215, 9029, -99947, -31005, 99516, 19657, -12241, 28214]}, {""op"": ""kv_source"", ""device"": ""prefill-682841799"", ""epoch"": 2, ""offer"": ""probe-export-20332645"", ""coord"": [1, 0, 0, ""K"", 1], ""offset"": 0, ""values"": [38334, -75375, 83303, 92950, 65758, 97512, 67821, 34083, -76633, 54958, 54705, -75702, 121, 10467, 80786, 89817, -8095, 82615, 11961, -17991, 63631, 84337, 69315, 60428, 74138, 58699, 18461]}, {""op"": ""kv_source"", ""device"": ""prefill-682841799"", ""epoch"": 2, ""offer"": ""probe-export-20332645"", ""coord"": [1, 0, 0, ""V"", 1], ""offset"": 0, ""values"": [-35318, 71292, -91156, -98892, -99259, 1928, -71284, 57548, -3707, 59323, -60880, 349, 34673, -26738, 57250, 82430, 96648, -59851, -44106, -76755, -27048, 46682, 93039, 12649, -83192, 36787, 40654]}, {""op"": ""kv_source"", ""device"": ""prefill-682841799"", ""epoch"": 2, ""offer"": ""probe-export-20332645"", ""coord"": [1, 1, 0, ""K"", 1], ""offset"": 0, ""values"": [31863, 8917, -61339, -17049, 13120, 33334, 36057, -35850, -37525, -94187, -55132, 46653, 59290, -13317, 59355, 31671, -50195, 41999, -89482, -86667, 53027, 63858, -77290, -70097, 2352, 34904, 64701, -46194, 84402, 84033, -30989, -70790, -70085, 63172, 559, -28924, 51860, 70216, 38873, -98086, 74599, -14144, 59839, 55312, 69456]}, {""op"": ""kv_source"", ""device"": ""prefill-682841799"", ""epoch"": 2, ""offer"": ""probe-export-20332645"", ""coord"": [1, 1, 0, ""K"", 3], ""offset"": 0, ""values"": [9915, 85460, -44675, 31489, 4139, -38800, 66084, -71146, -47761, 48742, -31571, 79216, -82929, 39229, 88182, -76361, 98687, 11496, -14632, -43591, -71889, 91890, 82112, 8805, -79541, -93988, 42320, 14385, 21895, -96260, -30678, -19252, -11938, 58452, -82607, -20374, 37435, 43503, 44391, -62985, -42257, 29061, -54072, -58432, 55309]}, {""op"": ""kv_source"", ""device"": ""prefill-682841799"", ""epoch"": 2, ""offer"": ""probe-export-20332645"", ""coord"": [1, 1, 0, ""V"", 1], ""offset"": 0, ""values"": [61512, 97680, 65677, 88785, 22581, 34304, 16196, 91495, 90862, -78206, -82879, -93072, -47875, 62775, -37950, -37337, -15974, 73142, -23253, -76781, 70587, -4180, 25563, 74074, 33376, -5258, -12234, 59230, -39923, -23577, -20035, -14912, -28660, 69017, 23342, 88841, 59472, 12915, 25574, -69228, 4963, 37549, -47725, -68361, -56569]}, {""op"": ""kv_source"", ""device"": ""prefill-682841799"", ""epoch"": 2, ""offer"": ""probe-export-20332645"", ""coord"": [1, 1, 0, ""V"", 3], ""offset"": 0, ""values"": [-49759, -22480, -88126, 47828, -17305, 29550, -43671, 71318, 75510, 42583, -61800, 54767, -8947, 7140, -17392, 50607, -8978, 93353, -53262, -39188, 32270, -99168, 36961, -56189, -30812, 19666, 31107, -56887, -2449, -58601, -24281, 35244, 35006, 92150, -24960, -36538, 62739, 14642, -51410, 33589, 20475, -9111, -14464, -11019, 77855]}, {""op"": ""kv_source"", ""device"": ""prefill-682841799"", ""epoch"": 2, ""offer"": ""probe-export-20332645"", ""coord"": [1, 1, 1, ""K"", 1], ""offset"": 0, ""values"": [-55946, 91405, -61468, 86352, 39011, 37336, -77508, 95451, 37516, 44083, -53038, 25629, 40702, -27947, 28661, -23295, -65410, 6459, -56567, -55372, 1216, -58142, 94126, -38989, 87498, -62225, 66007, 71685, -87130, 91105, 3120, -53950, 3190, -97040, 88938, 23791, 87281, -84749, -56199, 98381, -3038, -48897, -62990, -53092, 83355]}, {""op"": ""kv_source"", ""device"": ""prefill-682841799"", ""epoch"": 2, ""offer"": ""probe-export-20332645"", ""coord"": [1, 1, 1, ""K"", 3], ""offset"": 0, ""values"": [73011, -46057, 29291, 32868, -544, 96249, 46799, 44290, -15036, -54080, 42572, -22458, -13725, -73584, -42201, -44716, 21697, -40201, 24506, 68495, -35491, 47710, 31116, -91793, 30120, 33206, -77650, 61143, -62973, -68889, -3114, -76520, 38294, 14444, 11714, -6406, 9023, 52322, 59712, 33292, 75838, -20306, 73070, -37791, 49452]}]} "
 row-20332645-56 , event-20332645-56 , 0e0 , 36028797058289.862 , 36028797038184.105 ,  , TRUE , [] ," {""step"": 56, ""operations"": [{""op"": ""evict"", ""device"": ""decode-682841799"", ""epoch"": 4, ""cache"": ""cache-b-682841799""}]} "
 row-20332645-170 , event-20332645-170 , 0e0 , 36028797058301.376 , 36028797038184.105 ,  , TRUE , [] ," {""step"": 170, ""operations"": [{""op"": ""draft"", ""device"": ""recovery-682841799"", ""epoch"": 6, ""sequence"": ""lease:probe-batch1-682841799/probe-3-682841799"", ""tokens"": [5736678, 52431961, 40558313], ""slots"": [2], ""receipt"": ""probe-second-1-verify-682841799""}]} "
 row-20332645-107 , event-20332645-107 , 0e0 , 36028797058295.013 , 36028797038184.105 ,  , TRUE , [] ," {""step"": 107, ""operations"": [{""op"": ""kv_offer"", ""device"": ""recovery-682841799"", ""epoch"": 6, ""offer"": ""export-1-20332645"", ""cache"": ""paused-cache1-682841799""}]} "
 row-20332645-95 , event-20332645-95 , 0e0 , 36028797058293.801 , 36028797038184.105 ,  , 1 , [] ," {""step"": 95, ""operations"": [{""op"": ""kv_publish"", ""device"": ""recovery-682841799"", ""epoch"": 6, ""job"": ""handoff-0-20332645"", ""ticket"": ""hop-ticket0-682841799"", ""slots"": [2, 3]}, {""op"": ""evict"", ""device"": ""decode-682841799"", ""epoch"": 4, ""cache"": ""paused-cache0-682841799""}]} "
 row-20332645-81 , event-20332645-81 , 0e0 , 36028797058292.387 , 36028797038184.105 ,  , 1 , [] ," {""step"": 81, ""operations"": [{""op"": ""kv_dma"", ""device"": ""recovery-682841799"", ""epoch"": 6, ""job"": ""handoff-0-20332645"", ""ticket"": ""hop-ticket0-682841799"", ""source_epoch"": 4, ""coord"": [4, 1, 0, ""K"", 4], ""offset"": 0, ""values"": [27512, 47252, -74958, 74459, 46712, -12007, -41185, 28635, 5317, 19283, -18115, 40998, 59928, 17312, -73602, -13124, -61210, 66648, -45619, -67687, -97980, 79680, -48995, 8711, 22749]}, {""op"": ""kv_dma"", ""device"": ""recovery-682841799"", ""epoch"": 6, ""job"": ""handoff-0-20332645"", ""ticket"": ""hop-ticket0-682841799"", ""source_epoch"": 4, ""coord"": [1, 1, 0, ""K"", 1], ""offset"": 0, ""values"": [-30641, -821, -84520, 68955, -8402, 97576, 61575, 42596, -27326, 33627, -60104, 91861, -35337, 28138, -85685, 17597, -31266, 93212, 73601, -91467, 47432, -78593, -99389, 94343, 69917]}, {""op"": ""kv_dma"", ""device"": ""recovery-682841799"", ""epoch"": 6, ""job"": ""handoff-0-20332645"", ""ticket"": ""hop-ticket0-682841799"", ""source_epoch"": 4, ""coord"": [2, 1, 0, ""V"", 2], ""offset"": 0, ""values"": [99193, -1482, 79280, -691, 46035, 32987, 89412, 88177, 63733, 86064, -28350, -30136, -96995, -57006, -27662, -30883, 56526, 28986, -39490, -4255, -98529, -32069, 77787, -16525, 88036]}, {""op"": ""kv_dma"", ""device"": ""recovery-682841799"", ""epoch"": 6, ""job"": ""handoff-0-20332645"", ""ticket"": ""hop-ticket0-682841799"", ""source_epoch"": 4, ""coord"": [3, 0, 0, ""K"", 0], ""offset"": 15, ""values"": [62879, -61973, -41125, 95756, -55770, -28285, 9019, 90389, 80541, -88798, 2404, -1145, -66897, 52577, -48096]}, {""op"": ""kv_dma"", ""device"": ""recovery-682841799"", ""epoch"": 6, ""job"": ""handoff-0-20332645"", ""ticket"": ""hop-ticket0-682841799"", ""source_epoch"": 4, ""coord"": [5, 0, 0, ""K"", 2], ""offset"": 15, ""values"": [-31896, -85964, -80561, 76679, 64654, 50244, -63959, -24542, -29230, 81209, 99348, 36217, 830, 88684, -45929]}, {""op"": ""kv_dma"", ""device"": ""recovery-682841799"", ""epoch"": 6, ""job"": ""handoff-0-20332645"", ""ticket"": ""hop-ticket0-682841799"", ""source_epoch"": 4, ""coord"": [3, 1, 1, ""K"", 3], ""offset"": 25, ""values"": [-24939, 28723, 13420, 14344, 93960, 64434, -22376, -24757, 36206, -27563, 11703, 40672, 99579, 22818, -60901, 98183, 84174, -16040, 60790, -67872, 45677, -4663, -91958, 65198, 6164]}, {""op"": ""kv_dma"", ""device"": ""recovery-682841799"", ""epoch"": 6, ""job"": ""handoff-0-20332645"", ""ticket"": ""hop-ticket0-682841799"", ""source_epoch"": 4, ""coord"": [3, 0, 0, ""V"", 0], ""offset"": 15, ""values"": [25441, -20181, -39602, -68129, -5424, -42496, -77470, 10249, 99459, -58904, -87297, 35093, 77107, -7584, 5450]}, {""op"": ""kv_dma"", ""device"": ""recovery-682841799"", ""epoch"": 6, ""job"": ""handoff-0-20332645"", ""ticket"": ""hop-ticket0-682841799"", ""source_epoch"": 4, ""coord"": [2, 1, 0, ""K"", 2], ""offset"": 25, ""values"": [-57077, -9916, 69557, -44416, -73219, 71201, 62274, -40308, -44097, -21969, -4058, -16476, -13438, 24087, -93647, 24000, 61379, 86575, 49606, 52699, 44373, -65892, -97557, 44807, 15423]}, {""op"": ""kv_dma"", ""device"": ""recovery-682841799"", ""epoch"": 6, ""job"": ""handoff-0-20332645"", ""ticket"": ""hop-ticket0-682841799"", ""source_epoch"": 4, ""coord"": [3, 1, 0, ""V"", 3], ""offset"": 0, ""values"": [80219, -52991, -29207, -80664, -42418, -51135, 12261, -41002, -36374, -54947, 58925, 57157, 86115, -25633, 18104, 23135, 99000, -3735, -31408, -24009, -88140, 71353, 21534, 9379, 6199]}, {""op"": ""kv_dma"", ""device"": ""recovery-682841799"", ""epoch"": 6, ""job"": ""handoff-0-20332645"", ""ticket"": ""hop-ticket0-682841799"", ""source_epoch"": 4, ""coord"": [5, 1, 1, ""K"", 0], ""offset"": 0, ""values"": [-43087, -36206, 89161, -38437, 96233, -31682, -17865, -59395, -79921, -24628, -89597, -56848, -2787, -54983, 15743, 76977, 51143, -5843, 40019, 38180, -89577, -86886, 57915, -92043, 53867]}, {""op"": ""kv_dma"", ""device"": ""recovery-682841799"", ""epoch"": 6, ""job"": ""handoff-0-20332645"", ""ticket"": ""hop-ticket0-682841799"", ""source_epoch"": 4, ""coord"": [5, 0, 0, ""V"", 2], ""offset"": 15, ""values"": [-31333, -88172, -7601, 76235, 94515, -30047, 81287, -19064, 89141, -95563, -75764, 2619, -51305, -19443, 22687]}, {""op"": ""kv_dma"", ""device"": ""recovery-682841799"", ""epoch"": 6, ""job"": ""handoff-0-20332645"", ""ticket"": ""hop-ticket0-682841799"", ""source_epoch"": 4, ""coord"": [1, 1, 0, ""V"", 1], ""offset"": 0, ""values"": [-22331, -70979, -96501, 85980, 38971, -40451, 27387, 52946, 53807, -43373, -80340, 66093, -8159, -37380, 46623, -23097, 13620, -47598, 67532, -9325, 46194, 85110, 27110, 35959, 36444]}, {""op"": ""kv_dma"", ""device"": ""recovery-682841799"", ""epoch"": 6, ""job"": ""handoff-0-20332645"", ""ticket"": ""hop-ticket0-682841799"", ""source_epoch"": 4, ""coord"": [5, 1, 1, ""V"", 0], ""offset"": 0, ""values"": [-72397, 8736, 34860, -84622, -1577, -62156, -39931, 79166, 31999, -34494, 36631, -98543, 91648, -31358, 7960, 72269, -92078, -82574, 62934, -60806, -32955, -29535, 53636, 77997, 26597]}, {""op"": ""kv_dma"", ""device"": ""recovery-682841799"", ""epoch"": 6, ""job"": ""handoff-0-20332645"", ""ticket"": ""hop-ticket0-682841799"", ""source_epoch"": 4, ""coord"": [6, 1, 1, ""K"", 1], ""offset"": 25, ""values"": [88681, 95732, 90742, -86678, -28583, -79237, 98835, -89871, 89278, -11493, -96217, -48025, 15217, -79033, -3426, 41966, -94944, -80408, 45392, -17487, -84698, 15359, 73359, 53787, 72157]}, {""op"": ""kv_dma"", ""device"": ""recovery-682841799"", ""epoch"": 6, ""job"": ""handoff-0-20332645"", ""ticket"": ""hop-ticket0-682841799"", ""source_epoch"": 4, ""coord"": [6, 1, 0, ""V"", 1], ""offset"": 25, ""values"": [-13329, -46192, 30549, -16038, 67651, -20219, -63368, -15377, -77750, -94841, 82591, -62745, -16941, -50817, -19427, -13411, -56654, -27124, 95334, 65467, 84117, 88952, 70031, 23550, 20593]}, {""op"": ""kv_dma"", ""device"": ""recovery-682841799"", ""epoch"": 6, ""job"": ""handoff-0-20332645"", ""ticket"": ""hop-ticket0-682841799"", ""source_epoch"": 4, ""coord"": [5, 1, 1, ""V"", 0], ""offset"": 25, ""values"": [62621, 731, 47148, 55217, 2320, 20559, -7818, 78619, 2393, -62738, 45408, -39846, -8295, 44691, -10830, 72230, -22338, -44512, 16486, -97517, 41701, -42038, 95151, 88737, 86176]}, {""op"": ""kv_dma"", ""device"": ""recovery-682841799"", ""epoch"": 6, ""job"": ""handoff-0-20332645"", ""ticket"": ""hop-ticket0-682841799"", ""source_epoch"": 4, ""coord"": [0, 1, 1, ""K"", 0], ""offset"": 0, ""values"": [-43087, -36206, 89161, -38437, 96233, -31682, -17865, -59395, -79921, -24628, -89597, -56848, -2787, -54983, 15743, 76977, 51143, -5843, 40019, 38180, -89577, -86886, 57915, -92043, 53867]}, {""op"": ""kv_dma"", ""device"": ""recovery-682841799"", ""epoch"": 6, ""job"": ""handoff-0-20332645"", ""ticket"": ""hop-ticket0-682841799"", ""source_epoch"": 4, ""coord"": [1, 1, 0, ""V"", 1], ""offset"": 0, ""values"": [-22331]}]} "
 row-20332645-110 , event-20332645-110 , 0e0 , 36028797058295.316 , 36028797038184.105 ,  , 1 , [] ," {""step"": 110, ""operations"": [{""op"": ""kv_source"", ""device"": ""recovery-682841799"", ""epoch"": 6, ""offer"": ""export-1-20332645"", ""coord"": [3, 1, 1, ""K"", 3], ""offset"": 0, ""values"": [70334, 96031, 74444, 58278, 64192, 75451, 70347, -38799, -86296, 5193, 23196, 32672, 55409, 44031, 1201, -31916, 46976, 28074, 88254, -35182, -58271, -18613, -20055, -91976, -88358]}, {""op"": ""kv_source"", ""device"": ""recovery-682841799"", ""epoch"": 6, ""offer"": ""export-1-20332645"", ""coord"": [5, 0, 0, ""K"", 2], ""offset"": 0, ""values"": [56238, 8627, -18038, 68281, -98820, 80251, 3933, 2035, -20410, -26317, 43143, -13424, -37104, 62451, -64839]}, {""op"": ""kv_source"", ""device"": ""recovery-682841799"", ""epoch"": 6, ""offer"": ""export-1-20332645"", ""coord"": [0, 1, 0, ""V"", 0], ""offset"": 25, ""values"": [3685, 27490, -683, 3781, 23522, 60959, 26161, -63119, -3717, 3893, 50220, -87330, 62493, 71272, 33884, 77989, -69810, -61794, -61053, -93230, 17571, -48696, 9210, 99225, -84664]}, {""op"": ""kv_source"", ""device"": ""recovery-682841799"", ""epoch"": 6, ""offer"": ""export-1-20332645"", ""coord"": [5, 1, 0, ""K"", 0], ""offset"": 0, ""values"": [75374, -12601, -90546, 69249, -51400, 4349, -6908, 29885, 89017, -30649, 33717, -57533, 4137, 92144, -41678, 19500, 13660, -5914, -67489, 44534, 78751, -31157, 90842, -39754, 89613]}, {""op"": ""kv_source"", ""device"": ""recovery-682841799"", ""epoch"": 6, ""offer"": ""export-1-20332645"", ""coord"": [4, 1, 1, ""V"", 4], ""offset"": 25, ""values"": [14285, 7569, 26367, -14675, -49877, 22545, 12820, 13520, -75064, 50006, 9634, -56716, -51523, -79798, 30525, -60593, 22247, 39518, -47233, 66344, -84449, -45245, -44590, -28364, 13050]}, {""op"": ""kv_source"", ""device"": ""recovery-682841799"", ""epoch"": 6, ""offer"": ""export-1-20332645"", ""coord"": [7, 1, 0, ""V"", 2], ""offset"": 25, ""values"": [2575, -95543, 6756, -91020, 61940, 46711, 47357, -23674, -54196, -50178, 55778, 90363, -40587, -12565, 24056, 60961, -72018, 57394, 57216, 97599, -21732, 29965, -37323, -9179, 88170]}, {""op"": ""kv_source"", ""device"": ""recovery-682841799"", ""epoch"": 6, ""offer"": ""export-1-20332645"", ""coord"": [1, 0, 0, ""K"", 1], ""offset"": 0, ""values"": [-15002, -47366, -39787, -43334, 83497, -33638, -12650, 90925, -96420, -28398, -32853, 12992, -79449, 94615, 91994]}, {""op"": ""kv_source"", ""device"": ""recovery-682841799"", ""epoch"": 6, ""offer"": ""export-1-20332645"", ""coord"": [4, 1, 0, ""V"", 4], ""offset"": 0, ""values"": [-8998, -31036, -23606, -30739, -99394, -86381, 82152, 4969, -55618, 61785, -30891, -73127, -36173, 91639, -983, -13533, 88999, -94396, 74878, 8248, -46692, 99710, -30611, -92559, 67551]}, {""op"": ""kv_source"", ""device"": ""recovery-682841799"", ""epoch"": 6, ""offer"": ""export-1-20332645"", ""coord"": [6, 0, 0, ""V"", 0], ""offset"": 15, ""values"": [81109, 48085, 76408, -22218, -84419, 55762, 6801, 5863, -56918, -94716, 31073, -24807, -55930, 7288, 87518]}, {""op"": ""kv_source"", ""device"": ""recovery-682841799"", ""epoch"": 6, ""offer"": ""export-1-20332645"", ""coord"": [7, 1, 0, ""K"", 2], ""offset"": 25, ""values"": [-84334, -33099, -22753, 2934, 132, 32659, 15420, 21576, -84248, 4762, -7769, 39452, 80206, 50986, -85913, -74857, 19810, 78747, 197, 56903, -85616, -21448, -67063, 76554, -26572]}, {""op"": ""kv_source"", ""device"": ""recovery-682841799"", ""epoch"": 6, ""offer"": ""export-1-20332645"", ""coord"": [5, 0, 0, ""K"", 2], ""offset"": 15, ""values"": [90524, 68185, 81488, -65181, -80158, -10619, -67533, -4723, -23426, 61557, 74771, -38066, -39822, -40548, -39672]}, {""op"": ""kv_source"", ""device"": ""recovery-682841799"", ""epoch"": 6, ""offer"": ""export-1-20332645"", ""coord"": [0, 1, 1, ""V"", 0], ""offset"": 0, ""values"": [38942, -45246, 10568, -23569, 13093, -13831, 29584, -85470, 24575, 81496, -49009, -68401, 69683, 28893, 88812, -54139, -63977, -97799, -18239, 34067, 13255, 56203, -81476, 6112, 80736]}]} "
 row-20332645-123 , event-20332645-123 , 0e0 , 36028797058296.629 , 36028797038184.105 ,  , 1 , [] ," {""step"": 123, ""operations"": [{""op"": ""kv_dma"", ""device"": ""decode-682841799"", ""epoch"": 4, ""job"": ""handoff-1-20332645"", ""ticket"": ""hop-ticket1-682841799"", ""source_epoch"": 6, ""coord"": [3, 1, 0, ""K"", 3], ""offset"": 0, ""values"": [22722]}, {""op"": ""kv_dma"", ""device"": ""decode-682841799"", ""epoch"": 4, ""job"": ""handoff-1-20332645"", ""ticket"": ""hop-ticket1-682841799"", ""source_epoch"": 6, ""coord"": [1, 0, 0, ""K"", 1], ""offset"": 0, ""values"": [-15002, -47366, -39787, -43334, 83497, -33638, -12650, 90925, -96420, -28398, -32853, 12992, -79449, 94615, 91994]}, {""op"": ""kv_dma"", ""device"": ""decode-682841799"", ""epoch"": 4, ""job"": ""handoff-1-20332645"", ""ticket"": ""hop-ticket1-682841799"", ""source_epoch"": 6, ""coord"": [1, 1, 0, ""V"", 1], ""offset"": 0, ""values"": [77330]}, {""op"": ""kv_dma"", ""device"": ""decode-682841799"", ""epoch"": 4, ""job"": ""handoff-1-20332645"", ""ticket"": ""hop-ticket1-682841799"", ""source_epoch"": 6, ""coord"": [0, 1, 1, ""V"", 4], ""offset"": 0, ""values"": [22094]}, {""op"": ""kv_dma"", ""device"": ""decode-682841799"", ""epoch"": 4, ""job"": ""handoff-1-20332645"", ""ticket"": ""hop-ticket1-682841799"", ""source_epoch"": 6, ""coord"": [3, 0, 0, ""K"", 0], ""offset"": 0, ""values"": [-94160]}, {""op"": ""kv_dma"", ""device"": ""decode-682841799"", ""epoch"": 4, ""job"": ""handoff-1-20332645"", ""ticket"": ""hop-ticket1-682841799"", ""source_epoch"": 6, ""coord"": [2, 0, 0, ""K"", 2], ""offset"": 0, ""values"": [56238]}, {""op"": ""kv_dma"", ""device"": ""decode-682841799"", ""epoch"": 4, ""job"": ""handoff-1-20332645"", ""ticket"": ""hop-ticket1-682841799"", ""source_epoch"": 6, ""coord"": [1, 1, 1, ""V"", 1], ""offset"": 0, ""values"": [15251, -84129, 21924, 98777, -61360, 25547, 74925, -81978, 32719, -23725, 12783, 63681, 66409, -76459, 36726, -3284, 76076, 95235, -8877, 25602, -95547, 24002, 7820, -34180, -91604]}, {""op"": ""kv_dma"", ""device"": ""decode-682841799"", ""epoch"": 4, ""job"": ""handoff-1-20332645"", ""ticket"": ""hop-ticket1-682841799"", ""source_epoch"": 6, ""coord"": [2, 0, 0, ""V"", 2], ""offset"": 15, ""values"": [-48906, 98786, -95524, 58675, -36801, -33419, -75283, 59327, -35052, 84199, -7089, 23570, -54210, -79997, 73219]}, {""op"": ""kv_dma"", ""device"": ""decode-682841799"", ""epoch"": 4, ""job"": ""handoff-1-20332645"", ""ticket"": ""hop-ticket1-682841799"", ""source_epoch"": 6, ""coord"": [1, 0, 0, ""V"", 1], ""offset"": 0, ""values"": [-46429]}, {""op"": ""kv_dma"", ""device"": ""decode-682841799"", ""epoch"": 4, ""job"": ""handoff-1-20332645"", ""ticket"": ""hop-ticket1-682841799"", ""source_epoch"": 6, ""coord"": [0, 1, 0, ""K"", 0], ""offset"": 25, ""values"": [78686, -24639, 66405, 7443, -25409, -10964, 7844, -30225, 38020, -36548, 65746, 24558, -72020, 62121, 61528, -26643, -12416, -15187, -54864, 91538, -91222, 47445, 24914, -48688, 49859]}, {""op"": ""kv_dma"", ""device"": ""decode-682841799"", ""epoch"": 4, ""job"": ""handoff-1-20332645"", ""ticket"": ""hop-ticket1-682841799"", ""source_epoch"": 6, ""coord"": [2, 1, 0, ""V"", 2], ""offset"": 0, ""values"": [82077]}, {""op"": ""kv_dma"", ""device"": ""decode-682841799"", ""epoch"": 4, ""job"": ""handoff-1-20332645"", ""ticket"": ""hop-ticket1-682841799"", ""source_epoch"": 6, ""coord"": [0, 1, 0, ""K"", 4], ""offset"": 0, ""values"": [-24385]}]} "
 row-20332645-81 , event-20332645-81 , 0e0 , 36028797058292.387 , 36028797038184.105 ,  , 1 , [] ," {""step"": 81, ""operations"": [{""op"": ""kv_dma"", ""device"": ""recovery-682841799"", ""epoch"": 6, ""job"": ""handoff-0-20332645"", ""ticket"": ""hop-ticket0-682841799"", ""source_epoch"": 4, ""coord"": [4, 1, 0, ""K"", 4], ""offset"": 0, ""values"": [27512, 47252, -74958, 74459, 46712, -12007, -41185, 28635, 5317, 19283, -18115, 40998, 59928, 17312, -73602, -13124, -61210, 66648, -45619, -67687, -97980, 79680, -48995, 8711, 22749]}, {""op"": ""kv_dma"", ""device"": ""recovery-682841799"", ""epoch"": 6, ""job"": ""handoff-0-20332645"", ""ticket"": ""hop-ticket0-682841799"", ""source_epoch"": 4, ""coord"": [1, 1, 0, ""K"", 1], ""offset"": 0, ""values"": [-30641, -821, -84520, 68955, -8402, 97576, 61575, 42596, -27326, 33627, -60104, 91861, -35337, 28138, -85685, 17597, -31266, 93212, 73601, -91467, 47432, -78593, -99389, 94343, 69917]}, {""op"": ""kv_dma"", ""device"": ""recovery-682841799"", ""epoch"": 6, ""job"": ""handoff-0-20332645"", ""ticket"": ""hop-ticket0-682841799"", ""source_epoch"": 4, ""coord"": [2, 1, 0, ""V"", 2], ""offset"": 0, ""values"": [99193, -1482, 79280, -691, 46035, 32987, 89412, 88177, 63733, 86064, -28350, -30136, -96995, -57006, -27662, -30883, 56526, 28986, -39490, -4255, -98529, -32069, 77787, -16525, 88036]}, {""op"": ""kv_dma"", ""device"": ""recovery-682841799"", ""epoch"": 6, ""job"": ""handoff-0-20332645"", ""ticket"": ""hop-ticket0-682841799"", ""source_epoch"": 4, ""coord"": [3, 0, 0, ""K"", 0], ""offset"": 15, ""values"": [62879, -61973, -41125, 95756, -55770, -28285, 9019, 90389, 80541, -88798, 2404, -1145, -66897, 52577, -48096]}, {""op"": ""kv_dma"", ""device"": ""recovery-682841799"", ""epoch"": 6, ""job"": ""handoff-0-20332645"", ""ticket"": ""hop-ticket0-682841799"", ""source_epoch"": 4, ""coord"": [5, 0, 0, ""K"", 2], ""offset"": 15, ""values"": [-31896, -85964, -80561, 76679, 64654, 50244, -63959, -24542, -29230, 81209, 99348, 36217, 830, 88684, -45929]}, {""op"": ""kv_dma"", ""device"": ""recovery-682841799"", ""epoch"": 6, ""job"": ""handoff-0-20332645"", ""ticket"": ""hop-ticket0-682841799"", ""source_epoch"": 4, ""coord"": [3, 1, 1, ""K"", 3], ""offset"": 25, ""values"": [-24939, 28723, 13420, 14344, 93960, 64434, -22376, -24757, 36206, -27563, 11703, 40672, 99579, 22818, -60901, 98183, 84174, -16040, 60790, -67872, 45677, -4663, -91958, 65198, 6164]}, {""op"": ""kv_dma"", ""device"": ""recovery-682841799"", ""epoch"": 6, ""job"": ""handoff-0-20332645"", ""ticket"": ""hop-ticket0-682841799"", ""source_epoch"": 4, ""coord"": [3, 0, 0, ""V"", 0], ""offset"": 15, ""values"": [25441, -20181, -39602, -68129, -5424, -42496, -77470, 10249, 99459, -58904, -87297, 35093, 77107, -7584, 5450]}, {""op"": ""kv_dma"", ""device"": ""recovery-682841799"", ""epoch"": 6, ""job"": ""handoff-0-20332645"", ""ticket"": ""hop-ticket0-682841799"", ""source_epoch"": 4, ""coord"": [2, 1, 0, ""K"", 2], ""offset"": 25, ""values"": [-57077, -9916, 69557, -44416, -73219, 71201, 62274, -40308, -44097, -21969, -4058, -16476, -13438, 24087, -93647, 24000, 61379, 86575, 49606, 52699, 44373, -65892, -97557, 44807, 15423]}, {""op"": ""kv_dma"", ""device"": ""recovery-682841799"", ""epoch"": 6, ""job"": ""handoff-0-20332645"", ""ticket"": ""hop-ticket0-682841799"", ""source_epoch"": 4, ""coord"": [3, 1, 0, ""V"", 3], ""offset"": 0, ""values"": [80219, -52991, -29207, -80664, -42418, -51135, 12261, -41002, -36374, -54947, 58925, 57157, 86115, -25633, 18104, 23135, 99000, -3735, -31408, -24009, -88140, 71353, 21534, 9379, 6199]}, {""op"": ""kv_dma"", ""device"": ""recovery-682841799"", ""epoch"": 6, ""job"": ""handoff-0-20332645"", ""ticket"": ""hop-ticket0-682841799"", ""source_epoch"": 4, ""coord"": [5, 1, 1, ""K"", 0], ""offset"": 0, ""values"": [-43087, -36206, 89161, -38437, 96233, -31682, -17865, -59395, -79921, -24628, -89597, -56848, -2787, -54983, 15743, 76977, 51143, -5843, 40019, 38180, -89577, -86886, 57915, -92043, 53867]}, {""op"": ""kv_dma"", ""device"": ""recovery-682841799"", ""epoch"": 6, ""job"": ""handoff-0-20332645"", ""ticket"": ""hop-ticket0-682841799"", ""source_epoch"": 4, ""coord"": [5, 0, 0, ""V"", 2], ""offset"": 15, ""values"": [-31333, -88172, -7601, 76235, 94515, -30047, 81287, -19064, 89141, -95563, -75764, 2619, -51305, -19443, 22687]}, {""op"": ""kv_dma"", ""device"": ""recovery-682841799"", ""epoch"": 6, ""job"": ""handoff-0-20332645"", ""ticket"": ""hop-ticket0-682841799"", ""source_epoch"": 4, ""coord"": [1, 1, 0, ""V"", 1], ""offset"": 0, ""values"": [-22331, -70979, -96501, 85980, 38971, -40451, 27387, 52946, 53807, -43373, -80340, 66093, -8159, -37380, 46623, -23097, 13620, -47598, 67532, -9325, 46194, 85110, 27110, 35959, 36444]}, {""op"": ""kv_dma"", ""device"": ""recovery-682841799"", ""epoch"": 6, ""job"": ""handoff-0-20332645"", ""ticket"": ""hop-ticket0-682841799"", ""source_epoch"": 4, ""coord"": [5, 1, 1, ""V"", 0], ""offset"": 0, ""values"": [-72397, 8736, 34860, -84622, -1577, -62156, -39931, 79166, 31999, -34494, 36631, -98543, 91648, -31358, 7960, 72269, -92078, -82574, 62934, -60806, -32955, -29535, 53636, 77997, 26597]}, {""op"": ""kv_dma"", ""device"": ""recovery-682841799"", ""epoch"": 6, ""job"": ""handoff-0-20332645"", ""ticket"": ""hop-ticket0-682841799"", ""source_epoch"": 4, ""coord"": [6, 1, 1, ""K"", 1], ""offset"": 25, ""values"": [88681, 95732, 90742, -86678, -28583, -79237, 98835, -89871, 89278, -11493, -96217, -48025, 15217, -79033, -3426, 41966, -94944, -80408, 45392, -17487, -84698, 15359, 73359, 53787, 72157]}, {""op"": ""kv_dma"", ""device"": ""recovery-682841799"", ""epoch"": 6, ""job"": ""handoff-0-20332645"", ""ticket"": ""hop-ticket0-682841799"", ""source_epoch"": 4, ""coord"": [6, 1, 0, ""V"", 1], ""offset"": 25, ""values"": [-13329, -46192, 30549, -16038, 67651, -20219, -63368, -15377, -77750, -94841, 82591, -62745, -16941, -50817, -19427, -13411, -56654, -27124, 95334, 65467, 84117, 88952, 70031, 23550, 20593]}, {""op"": ""kv_dma"", ""device"": ""recovery-682841799"", ""epoch"": 6, ""job"": ""handoff-0-20332645"", ""ticket"": ""hop-ticket0-682841799"", ""source_epoch"": 4, ""coord"": [5, 1, 1, ""V"", 0], ""offset"": 25, ""values"": [62621, 731, 47148, 55217, 2320, 20559, -7818, 78619, 2393, -62738, 45408, -39846, -8295, 44691, -10830, 72230, -22338, -44512, 16486, -97517, 41701, -42038, 95151, 88737, 86176]}, {""op"": ""kv_dma"", ""device"": ""recovery-682841799"", ""epoch"": 6, ""job"": ""handoff-0-20332645"", ""ticket"": ""hop-ticket0-682841799"", ""source_epoch"": 4, ""coord"": [0, 1, 1, ""K"", 0], ""offset"": 0, ""values"": [-43087, -36206, 89161, -38437, 96233, -31682, -17865, -59395, -79921, -24628, -89597, -56848, -2787, -54983, 15743, 76977, 51143, -5843, 40019, 38180, -89577, -86886, 57915, -92043, 53867]}, {""op"": ""kv_dma"", ""device"": ""recovery-682841799"", ""epoch"": 6, ""job"": ""handoff-0-20332645"", ""ticket"": ""hop-ticket0-682841799"", ""source_epoch"": 4, ""coord"": [1, 1, 0, ""V"", 1], ""offset"": 0, ""values"": [-22331]}]} "
 row-20332645-68 , event-20332645-68 , 0e0 , 36028797058291.074 , 36028797038184.105 ,  , 1 , [] ," {""step"": 68, ""operations"": [{""op"": ""kv_source"", ""device"": ""decode-682841799"", ""epoch"": 4, ""offer"": ""export-0-20332645"", ""coord"": [0, 1, 1, ""V"", 0], ""offset"": 0, ""values"": [-72397, 8736, 34860, -84622, -1577, -62156, -39931, 79166, 31999, -34494, 36631, -98543, 91648, -31358, 7960, 72269, -92078, -82574, 62934, -60806, -32955, -29535, 53636, 77997, 26597]}, {""op"": ""kv_source"", ""device"": ""decode-682841799"", ""epoch"": 4, ""offer"": ""export-0-20332645"", ""coord"": [3, 1, 0, ""V"", 3], ""offset"": 25, ""values"": [-71537, 93544, 56225, -23824, -36022, -73202, 13593, 82215, 78145, 67398, 15101, -51065, 52252, 17586, -3654, 27657, 23670, -35170, 35137, 22564, 72430, 67274, -81676, 35659, -11899]}, {""op"": ""kv_source"", ""device"": ""decode-682841799"", ""epoch"": 4, ""offer"": ""export-0-20332645"", ""coord"": [1, 0, 0, ""K"", 1], ""offset"": 0, ""values"": [-17090, -83109, 57618, -76097, 25001, 24142, -90774, 75968, 97860, -39498, -97703, 83155, -1942, 58866, -97982]}, {""op"": ""kv_source"", ""device"": ""decode-682841799"", ""epoch"": 4, ""offer"": ""export-0-20332645"", ""coord"": [2, 1, 0, ""V"", 2], ""offset"": 0, ""values"": [99193, -1482, 79280, -691, 46035, 32987, 89412, 88177, 63733, 86064, -28350, -30136, -96995, -57006, -27662, -30883, 56526, 28986, -39490, -4255, -98529, -32069, 77787, -16525, 88036]}, {""op"": ""kv_source"", ""device"": ""decode-682841799"", ""epoch"": 4, ""offer"": ""export-0-20332645"", ""coord"": [1, 1, 1, ""V"", 1], ""offset"": 0, ""values"": [-26939, -37454, -29877, 82700, -65300, -53651, 80158, 37360, 49591, -12208, 6228, 76348, 7560, -21339, -24785, 69615, 39169, -93945, 28978, -93993, 39128, -27870, -59605, 45083, 66860]}, {""op"": ""kv_source"", ""device"": ""decode-682841799"", ""epoch"": 4, ""offer"": ""export-0-20332645"", ""coord"": [0, 0, 0, ""K"", 0], ""offset"": 0, ""values"": [42295, 60557, 60341, 41986, 4220, -71897, 33076, 56248, 38985, 67146, 3257, 10160, -69077, 97708, 11887]}, {""op"": ""kv_source"", ""device"": ""decode-682841799"", ""epoch"": 4, ""offer"": ""export-0-20332645"", ""coord"": [2, 1, 1, ""K"", 2], ""offset"": 25, ""values"": [79872, -35667, 83606, 60983, -21233, -24626, 5079, 98487, 19244, -53566, 25879, 78491, 53162, -27654, 54749, -66778, -53606, 96440, 20330, 43958, 20889, -3522, -17373, 60836, 13392]}, {""op"": ""kv_source"", ""device"": ""decode-682841799"", ""epoch"": 4, ""offer"": ""export-0-20332645"", ""coord"": [0, 1, 0, ""K"", 0], ""offset"": 0, ""values"": [-40930, 2938, 88882, -81772, 32977, 11620, 56214, -38248, 77332, -89626, 92375, -45200, -52004, -83346, -95015, 84915, -98064, -60509, -9205, -35018, -54149, 47975, 11337, 91757, -26900]}, {""op"": ""kv_source"", ""device"": ""decode-682841799"", ""epoch"": 4, ""offer"": ""export-0-20332645"", ""coord"": [0, 1, 1, ""K"", 0], ""offset"": 0, ""values"": [-43087, -36206, 89161, -38437, 96233, -31682, -17865, -59395, -79921, -24628, -89597, -56848, -2787, -54983, 15743, 76977, 51143, -5843, 40019, 38180, -89577, -86886, 57915, -92043, 53867]}, {""op"": ""kv_source"", ""device"": ""decode-682841799"", ""epoch"": 4, ""offer"": ""export-0-20332645"", ""coord"": [1, 1, 0, ""V"", 1], ""offset"": 0, ""values"": [-22331, -70979, -96501, 85980, 38971, -40451, 27387, 52946, 53807, -43373, -80340, 66093, -8159, -37380, 46623, -23097, 13620, -47598, 67532, -9325, 46194, 85110, 27110, 35959, 36444]}, {""op"": ""kv_source"", ""device"": ""decode-682841799"", ""epoch"": 4, ""offer"": ""export-0-20332645"", ""coord"": [0, 0, 0, ""K"", 0], ""offset"": 15, ""values"": [62879, -61973, -41125, 95756, -55770, -28285, 9019, 90389, 80541, -88798, 2404, -1145, -66897, 52577, -48096]}, {""op"": ""kv_source"", ""device"": ""decode-682841799"", ""epoch"": 4, ""offer"": ""export-0-20332645"", ""coord"": [3, 1, 0, ""K"", 3], ""offset"": 25, ""values"": [-25861, -5379, -52959, 86284, 94754, -70134, 76767, -29315, 16209, -22922, 75859, -47266, -93468, -92090, -96656, -30846, -52042, -25932, 85844, -47976, 81400, -43510, 46145, 49363, 95976]}]} "
 row-20332645-152 , event-20332645-152 , 0e0 , 36028797058299.558 , 36028797038184.105 ,  , 1 , [] ," {""step"": 152, ""operations"": [{""op"": ""copy"", ""device"": ""recovery-682841799"", ""epoch"": 6, ""transfer"": ""to-c-682841799"", ""ticket"": ""ticket-c-682841799"", ""page_index"": 1, ""offset"": 0, ""tokens"": [92438142], ""source_epoch"": 2, ""source_generation"": 1}]} "
 row-20332645-73 , event-20332645-73 , 0e0 , 36028797058291.579 , 36028797038184.105 ,  , TRUE , [] ," {""step"": 73, ""operations"": [{""op"": ""kv_offer"", ""device"": ""prefill-682841799"", ""epoch"": 2, ""offer"": ""probe-export-20332645"", ""cache"": ""cache-a-682841799""}]} "
 row-20332645-140 , event-20332645-140 , 0e0 , 36028797058298.346 , 36028797038184.105 ,  , TRUE , [] ," {""step"": 140, ""operations"": [{""op"": ""close"", ""device"": ""decode-682841799"", ""epoch"": 4, ""sequence"": ""lease:000-resume1-682841799/probe-0-682841799"", ""status"": ""success""}]} "
 row-20332645-134 , event-20332645-134 , 0e0 , 36028797058297.74 , 36028797038184.105 ,  , 1 , [] ," {""step"": 134, ""operations"": [{""op"": ""verify"", ""device"": ""decode-682841799"", ""epoch"": 4, ""sequence"": ""lease:000-resume1-682841799/probe-0-682841799"", ""receipt"": ""resume-receipt-682841799"", ""accepted"": 1}]} "
 row-20332645-107 , event-20332645-107 , 0e0 , 36028797058295.013 , 36028797038184.105 ,  , TRUE , [] ," {""step"": 107, ""operations"": [{""op"": ""kv_offer"", ""device"": ""recovery-682841799"", ""epoch"": 6, ""offer"": ""export-1-20332645"", ""cache"": ""paused-cache1-682841799""}]} "
 row-20332645-15 , event-20332645-15 , 0e0 , 36028797058285.721 , 36028797038184.105 ,  , 1 , [] ," {""step"": 15, ""operations"": [{""op"": ""close"", ""device"": ""prefill-682841799"", ""epoch"": 2, ""sequence"": ""lease:baseline-batch0-682841799/baseline-0-682841799"", ""status"": ""success""}]} "
 row-20332645-200 , event-20332645-200 , 0e0 , 36028797058304.406 , 36028797038184.105 ,  , TRUE , [] ," {""step"": 200, ""operations"": [{""op"": ""append"", ""device"": ""prefill-682841799"", ""epoch"": 2, ""sequence"": ""lease:old-draining-plan-682841799/old-draining-682841799"", ""tokens"": [5736678, 52431961], ""slots"": []}]} "
 row-20332645-88 , event-20332645-88 , 0e0 , 36028797058293.094 , 36028797038184.105 ,  , TRUE , [] ," {""step"": 88, ""operations"": [{""op"": ""kv_seal"", ""device"": ""recovery-682841799"", ""epoch"": 6, ""job"": ""handoff-0-20332645"", ""ticket"": ""hop-ticket0-682841799"", ""rank"": 6}]} "
 row-20332645-69 , event-20332645-69 , 0e0 , 36028797058291.175 , 36028797038184.105 ,  , 1 , [] ," {""step"": 69, ""operations"": [{""op"": ""kv_source"", ""device"": ""decode-682841799"", ""epoch"": 4, ""offer"": ""export-0-20332645"", ""coord"": [1, 0, 0, ""K"", 1], ""offset"": 15, ""values"": [-13328, -84305, -16010, 96588, 85670, -38082, -80666, 69583, 948, 18006, 77388, -45805, 92521, -61096, 97124]}, {""op"": ""kv_source"", ""device"": ""decode-682841799"", ""epoch"": 4, ""offer"": ""export-0-20332645"", ""coord"": [0, 1, 0, ""K"", 0], ""offset"": 25, ""values"": [18073, 70245, 75607, 11421, -75117, 49188, -13192, -80904, -50664, 8237, 30824, -4430, 65270, 34585, 1172, -37772, -79842, -68581, -32923, -50852, -57298, 75759, -67250, -15085, 2528]}, {""op"": ""kv_source"", ""device"": ""decode-682841799"", ""epoch"": 4, ""offer"": ""export-0-20332645"", ""coord"": [1, 0, 0, ""V"", 1], ""offset"": 15, ""values"": [-94435, 32219, 17259, -39969, 81982, 56453, 77712, -84532, -76046, -43507, -19535, -46909, 58529, 55357, -72702]}, {""op"": ""kv_source"", ""device"": ""decode-682841799"", ""epoch"": 4, ""offer"": ""export-0-20332645"", ""coord"": [0, 1, 1, ""K"", 4], ""offset"": 25, ""values"": [75421, 85656, -43304, -49948, -69282, -55764, 25506, -49692, 10954, -65724, -52360, 45707, -89952, -86195, 25139, 48944, 42320, -68684, -44399, 98677, -70728, -34009, 79707, -37178, 41965]}, {""op"": ""kv_source"", ""device"": ""decode-682841799"", ""epoch"": 4, ""offer"": ""export-0-20332645"", ""coord"": [1, 0, 0, ""V"", 1], ""offset"": 0, ""values"": [58529, -13207, 43935, -11265, -14384, -58077, -4063, -12713, -62805, -76047, 94984, -48468, -54516, 55253, -69462]}, {""op"": ""kv_source"", ""device"": ""decode-682841799"", ""epoch"": 4, ""offer"": ""export-0-20332645"", ""coord"": [0, 1, 0, ""V"", 0], ""offset"": 0, ""values"": [-88583, -94375, -14620, -67722, 66481, 55287, -66295, -90888, 65890, 81779, 77652, -27214, 38643, 14864, 38127, -37901, 93694, -65946, -90040, -53027, -51760, 23540, 15301, 66474, 214]}, {""op"": ""kv_source"", ""device"": ""decode-682841799"", ""epoch"": 4, ""offer"": ""export-0-20332645"", ""coord"": [3, 1, 1, ""V"", 3], ""offset"": 0, ""values"": [-29666, 65323, 76801, 52386, -32689, -25427, 85077, 44699, -9740, 53289, 7000, -12553, 75780, -7896, 78566, -14659, 21235, 13254, 29727, -82004, 60649, -6464, -96820, -80965, 112]}, {""op"": ""kv_source"", ""device"": ""decode-682841799"", ""epoch"": 4, ""offer"": ""export-0-20332645"", ""coord"": [3, 0, 0, ""V"", 0], ""offset"": 0, ""values"": [-58130, 76686, 17358, 78508, -20787, 70461, -76291, -72984, 14895, 39460, 33810, 63153, -59518, -60459, -31447]}, {""op"": ""kv_source"", ""device"": ""decode-682841799"", ""epoch"": 4, ""offer"": ""export-0-20332645"", ""coord"": [2, 1, 1, ""K"", 2], ""offset"": 0, ""values"": [-79904, -67905, -61416, 59865, -56138, -15112, 12922, -24731, -91769, 33563, -88944, 75477, 66573, -87992, -25768, -35402, 84572, 64647, -42331, 16473, 18399, 68672, 21951, -16391, 6943]}, {""op"": ""kv_source"", ""device"": ""decode-682841799"", ""epoch"": 4, ""offer"": ""export-0-20332645"", ""coord"": [1, 1, 0, ""V"", 1], ""offset"": 25, ""values"": [-13329, -46192, 30549, -16038, 67651, -20219, -63368, -15377, -77750, -94841, 82591, -62745, -16941, -50817, -19427, -13411, -56654, -27124, 95334, 65467, 84117, 88952, 70031, 23550, 20593]}, {""op"": ""kv_source"", ""device"": ""decode-682841799"", ""epoch"": 4, ""offer"": ""export-0-20332645"", ""coord"": [1, 1, 0, ""K"", 1], ""offset"": 0, ""values"": [-30641, -821, -84520, 68955, -8402, 97576, 61575, 42596, -27326, 33627, -60104, 91861, -35337, 28138, -85685, 17597, -31266, 93212, 73601, -91467, 47432, -78593, -99389, 94343, 69917]}, {""op"": ""kv_source"", ""device"": ""decode-682841799"", ""epoch"": 4, ""offer"": ""export-0-20332645"", ""coord"": [0, 0, 0, ""V"", 0], ""offset"": 15, ""values"": [25441, -20181, -39602, -68129, -5424, -42496, -77470, 10249, 99459, -58904, -87297, 35093, 77107, -7584, 5450]}]} "
 row-20332645-39 , event-20332645-39 , 0e0 , 36028797058288.145 , 36028797038184.105 ,  , 1 , [] ," {""step"": 39, ""operations"": [{""op"": ""append"", ""device"": ""prefill-682841799"", ""epoch"": 2, ""sequence"": ""lease:baseline-batch1-682841799/baseline-3-682841799"", ""tokens"": [5736678, 52431961], ""slots"": [2]}]} "
 row-20332645-108 , event-20332645-108 , 0e0 , 36028797058295.114 , 36028797038184.105 ,  , 1 , [] ," {""step"": 108, ""operations"": [{""op"": ""kv_source"", ""device"": ""recovery-682841799"", ""epoch"": 6, ""offer"": ""export-1-20332645"", ""coord"": [2, 0, 0, ""K"", 2], ""offset"": 15, ""values"": [90524, 68185, 81488, -65181, -80158, -10619, -67533, -4723, -23426, 61557, 74771, -38066, -39822, -40548, -39672]}, {""op"": ""kv_source"", ""device"": ""recovery-682841799"", ""epoch"": 6, ""offer"": ""export-1-20332645"", ""coord"": [5, 0, 0, ""V"", 2], ""offset"": 0, ""values"": [65429, 18415, -86742, -14979, -39410, 12881, 11157, 82109, 93138, -11058, 33039, -7305, 96777, 40987, -84676]}, {""op"": ""kv_source"", ""device"": ""recovery-682841799"", ""epoch"": 6, ""offer"": ""export-1-20332645"", ""coord"": [3, 1, 1, ""V"", 3], ""offset"": 25, ""values"": [-10360, 46735, -84737, 30996, -47626, 65296, -71648, -95598, -91204, -61686, 7604, 4392, 65802, -99583, 33554, 86899, 25666, -55520, 23632, 50054, 6840, 78551, 50149, 56761, 12834]}, {""op"": ""kv_source"", ""device"": ""recovery-682841799"", ""epoch"": 6, ""offer"": ""export-1-20332645"", ""coord"": [0, 0, 0, ""V"", 0], ""offset"": 15, ""values"": [81109, 48085, 76408, -22218, -84419, 55762, 6801, 5863, -56918, -94716, 31073, -24807, -55930, 7288, 87518]}, {""op"": ""kv_source"", ""device"": ""recovery-682841799"", ""epoch"": 6, ""offer"": ""export-1-20332645"", ""coord"": [0, 0, 0, ""V"", 0], ""offset"": 0, ""values"": [60907, 97314, -97520, 95872, -45743, 33748, -43770, 48011, -27789, -92751, 31397, -92291, 28007, 56090, -26878]}, {""op"": ""kv_source"", ""device"": ""recovery-682841799"", ""epoch"": 6, ""offer"": ""export-1-20332645"", ""coord"": [6, 1, 0, ""V"", 1], ""offset"": 25, ""values"": [-28489, -54570, -96372, 38007, 28901, -73912, -64702, 67349, 51720, 47785, -24660, 42974, -24092, 80694, -31343, 9640, 75742, -81691, -33406, 47244, -69049, 30126, 13972, -24718, 80554]}, {""op"": ""kv_source"", ""device"": ""recovery-682841799"", ""epoch"": 6, ""offer"": ""export-1-20332645"", ""coord"": [4, 1, 0, ""K"", 4], ""offset"": 0, ""values"": [-24385, -30178, 74164, -95510, -18118, 79618, 85388, -83582, -40314, 55629, -55789, 3361, 9735, -83801, 59491, 57067, 97023, -26133, -88373, -23311, -45956, 84635, 13744, 64723, -4134]}, {""op"": ""kv_source"", ""device"": ""recovery-682841799"", ""epoch"": 6, ""offer"": ""export-1-20332645"", ""coord"": [3, 0, 0, ""V"", 0], ""offset"": 15, ""values"": [81109, 48085, 76408, -22218, -84419, 55762, 6801, 5863, -56918, -94716, 31073, -24807, -55930, 7288, 87518]}, {""op"": ""kv_source"", ""device"": ""recovery-682841799"", ""epoch"": 6, ""offer"": ""export-1-20332645"", ""coord"": [7, 0, 0, ""K"", 1], ""offset"": 15, ""values"": [39502, 65785, 56865, 71547, 11017, -97821, 61340, -60334, 32799, 62241, 26398, -38194, 25520, -75534, 71603]}, {""op"": ""kv_source"", ""device"": ""recovery-682841799"", ""epoch"": 6, ""offer"": ""export-1-20332645"", ""coord"": [3, 0, 0, ""K"", 0], ""offset"": 0, ""values"": [-94160, -19621, -71747, -63259, -21731, 45334, 28103, -28294, -81258, -71714, 11107, 52246, -21652, 44500, -12260]}, {""op"": ""kv_source"", ""device"": ""recovery-682841799"", ""epoch"": 6, ""offer"": ""export-1-20332645"", ""coord"": [1, 1, 1, ""K"", 1], ""offset"": 0, ""values"": [-73323, -12564, -80891, -22816, 32726, -16061, -66096, -30022, 78783, 61405, 70495, -10016, -39041, -20960, -21393, -89181, 53475, -77150, 55989, 52486, -63831, -6163, 32451, -89798, 28387]}, {""op"": ""kv_source"", ""device"": ""recovery-682841799"", ""epoch"": 6, ""offer"": ""export-1-20332645"", ""coord"": [7, 1, 0, ""K"", 2], ""offset"": 0, ""values"": [41843, -86870, 28406, 71637, -42047, -64247, 77110, 30091, 44587, 82743, -12228, 65545, -57876, -86090, 63564, -59364, -35608, 74792, -64213, 4118, 66582, 66851, -37296, -35531, 8133]}]} "
